Time (s),W,X,Y,Z
0.000000000,-0.849036,-0.0006179888,-0.001301089,-0.5251319
0.019731522,-0.8490252,-0.0006363256,-0.001308759,-0.5251493
0.039463520,-0.8489682,-0.0006528136,-0.001322999,-0.5252414
0.059194565,-0.8488989,-0.000636828,-0.00133073,-0.5253534
0.078926563,-0.8488447,-0.0006466323,-0.001333115,-0.5254409
0.098658562,-0.8488725,-0.0006692752,-0.00134951,-0.5253959
0.118390083,-0.8489094,-0.0006916837,-0.001360519,-0.5253363
0.140587807,-0.8489205,-0.0006886631,-0.001371088,-0.5253183
0.160319805,-0.8489252,-0.0006971302,-0.001378778,-0.5253106
0.180050850,-0.8489272,-0.0006907601,-0.001373426,-0.5253075
0.199782848,-0.8489215,-0.0006771025,-0.00137152,-0.5253166
0.219514370,-0.8489265,-0.0006788542,-0.001374069,-0.5253085
0.239246368,-0.8489419,-0.0006610448,-0.001374064,-0.5252837
0.258977413,-0.848968,-0.0006705081,-0.001367473,-0.5252416
0.278709412,-0.8489868,-0.0006675795,-0.001363484,-0.5252113
0.298441410,-0.8489891,-0.000677458,-0.001358975,-0.5252076
0.318172455,-0.8489842,-0.0006626541,-0.001366469,-0.5252154
0.340370655,-0.8490216,-0.0006556126,-0.001349014,-0.5251551
0.360102654,-0.8490643,-0.0006472883,-0.001329597,-0.5250859
0.379833698,-0.8491059,-0.0006561421,-0.001330659,-0.5250189
0.399565697,-0.8491259,-0.0006410917,-0.001332152,-0.5249864
0.419297695,-0.8491408,-0.0006313471,-0.001333975,-0.5249622
0.439028740,-0.8492298,-0.0006320485,-0.001342569,-0.5248182
0.458760262,-0.8493236,-0.0006312226,-0.001336611,-0.5246666
0.478492260,-0.8493664,-0.0006252915,-0.001329701,-0.5245972
0.498224259,-0.8492955,-0.0006124792,-0.0013353,-0.5247122
0.520421982,-0.8492119,-0.0006185337,-0.00132831,-0.5248474
0.540153504,-0.8491842,-0.0006217523,-0.001342267,-0.5248923
0.559885025,-0.8491513,-0.0006230953,-0.001331195,-0.5249453
0.579616547,-0.849117,-0.0006038083,-0.001321841,-0.525001
0.599348545,-0.8491087,-0.0006153243,-0.001346,-0.5250143
0.619080544,-0.8490798,-0.0005975876,-0.001345514,-0.525061
0.638811588,-0.8490365,-0.0005985845,-0.001345407,-0.5251309
0.658543110,-0.8489925,-0.0005984231,-0.001339196,-0.5252021
0.678275108,-0.8489832,-0.0006168258,-0.001321531,-0.5252172
0.700472832,-0.8489754,-0.0006134768,-0.001324025,-0.5252299
0.720204830,-0.8489708,-0.0005956488,-0.00132821,-0.5252373
0.739936829,-0.8490003,-0.0005926928,-0.001328114,-0.5251896
0.759667874,-0.8490237,-0.0005802449,-0.001333765,-0.5251518
0.779399395,-0.8490013,-0.0005796116,-0.001338317,-0.5251877
0.799131394,-0.8489581,-0.0006055454,-0.001358196,-0.5252576
0.818862438,-0.8489216,-0.0006152613,-0.001357061,-0.5253168
0.838594437,-0.8489298,-0.0006196521,-0.001362769,-0.5253035
0.858326435,-0.8489342,-0.0006187435,-0.001369843,-0.5252962
0.880524159,-0.8489719,-0.0006394203,-0.001378727,-0.5252352
0.900255680,-0.849006,-0.0006618886,-0.001383026,-0.5251802
0.919987679,-0.8490112,-0.00066405,-0.001379229,-0.5251718
0.939718724,-0.8489296,-0.0006529876,-0.001380064,-0.5253037
0.959450722,-0.8488488,-0.0006235311,-0.001376857,-0.5254343
0.979182720,-0.8488755,-0.0006162133,-0.001374986,-0.5253912
0.998914242,-0.8489234,-0.0006419315,-0.001369571,-0.5253138
1.018645287,-0.8489569,-0.0006467177,-0.001378662,-0.5252596
1.038377285,-0.8489623,-0.0006330319,-0.001391269,-0.5252507
1.060575008,-0.8489695,-0.0006426504,-0.001422272,-0.5252392
1.080307007,-0.8490949,-0.0006379368,-0.001435756,-0.5250363
1.100038528,-0.8492379,-0.0006275367,-0.001434524,-0.524805
1.119770527,-0.8493318,-0.0006130583,-0.001419359,-0.524653
1.139501572,-0.8493556,-0.0006222015,-0.001415072,-0.5246144
1.159233570,-0.8493826,-0.0006270539,-0.001419497,-0.5245707
1.178965569,-0.8494283,-0.0006247199,-0.001417896,-0.5244966
1.198696613,-0.8494701,-0.0006195996,-0.001433137,-0.5244293
1.218428135,-0.8495052,-0.0006225283,-0.001437186,-0.5243722
1.238160133,-0.8495322,-0.0006348336,-0.001420817,-0.5243285
1.260357857,-0.8495612,-0.0006468394,-0.001421388,-0.5242815
1.280089855,-0.8495604,-0.0006527869,-0.001414247,-0.5242827
1.299821854,-0.8495623,-0.0006633435,-0.001410042,-0.5242797
1.319552898,-0.8495621,-0.0006529928,-0.001408842,-0.5242801
1.339284420,-0.8495878,-0.0006381086,-0.00141468,-0.5242383
1.359016419,-0.8496065,-0.0006423953,-0.001411191,-0.5242079
1.378748417,-0.8496717,-0.0006471234,-0.001403497,-0.5241026
1.398479462,-0.849736,-0.0006339729,-0.001409391,-0.523998
1.418211460,-0.849796,-0.0006384423,-0.001402615,-0.5239009
1.440409184,-0.8498408,-0.0006321442,-0.001393585,-0.5238281
1.460140705,-0.8498759,-0.0006256525,-0.001398839,-0.5237713
1.479872704,-0.8497735,-0.0006248708,-0.001396663,-0.5239374
1.499604702,-0.8496642,-0.0006219941,-0.001384443,-0.5241148
1.519335747,-0.8496382,-0.0006405105,-0.001403894,-0.5241569
1.539067268,-0.8496338,-0.0006592188,-0.001402046,-0.5241639
1.558799267,-0.8496294,-0.0006599438,-0.001399566,-0.5241711
1.578531265,-0.8496222,-0.0006533153,-0.001392086,-0.5241826
1.598262310,-0.8496262,-0.0006651838,-0.001404224,-0.524176
1.620460987,-0.8496085,-0.0006695985,-0.001413036,-0.5242046
1.640192032,-0.8495737,-0.0006639532,-0.001411991,-0.5242611
1.659923554,-0.8495418,-0.0006517135,-0.001403135,-0.5243131
1.679655552,-0.8495321,-0.0006480694,-0.001391238,-0.5243288
1.699387551,-0.8495228,-0.0006508804,-0.00137823,-0.5243438
1.719118595,-0.8495322,-0.0006365903,-0.001362176,-0.5243284
1.738850594,-0.8495308,-0.000614892,-0.001343242,-0.5243309
1.758582115,-0.8495309,-0.0006173681,-0.001343657,-0.5243309
1.778313160,-0.8494776,-0.0006250321,-0.001347055,-0.5244173
1.800511837,-0.8494238,-0.0006428289,-0.001356619,-0.5245042
1.820243836,-0.8495237,-0.0006553474,-0.001364592,-0.5243425
1.839974880,-0.8496404,-0.0006527643,-0.001367279,-0.5241532
1.859706402,-0.8496932,-0.0006541967,-0.001373954,-0.5240676
1.879438400,-0.8496422,-0.0006575098,-0.001381878,-0.5241503
1.899169445,-0.8495934,-0.0006351905,-0.001377834,-0.5242294
1.918901444,-0.8495649,-0.0006342547,-0.001372678,-0.5242755
1.938633442,-0.8495327,-0.0006307083,-0.001373632,-0.5243277
1.958364964,-0.8495105,-0.0006248589,-0.001368252,-0.5243639
1.980562687,-0.8495033,-0.0006245807,-0.00136516,-0.5243754
2.000294685,-0.8494921,-0.0006101819,-0.001375266,-0.5243936
2.020026684,-0.8494658,-0.0006027914,-0.001385194,-0.5244361
2.039757729,-0.8494343,-0.0006007115,-0.001399825,-0.5244873
2.059489727,-0.8494185,-0.0005937258,-0.001396674,-0.5245129
2.079221249,-0.8494425,-0.000591352,-0.001393442,-0.5244738
2.098952293,-0.8494694,-0.0006014796,-0.001406376,-0.5244303
2.118684292,-0.8495553,-0.0006063578,-0.001414711,-0.5242912
2.138416290,-0.8496463,-0.0006110091,-0.001406213,-0.5241437
2.158147812,-0.8497144,-0.0006099199,-0.001407561,-0.5240332
2.180345535,-0.8497274,-0.0005917596,-0.00140523,-0.5240121
2.200077534,-0.8497496,-0.0006081701,-0.001408059,-0.5239761
2.219808579,-0.8497808,-0.0006127266,-0.001397138,-0.5239257
2.239540577,-0.8498198,-0.0006124403,-0.001383621,-0.5238622
2.259272575,-0.849844,-0.000610506,-0.001371059,-0.523823
2.279004097,-0.8498551,-0.0006001109,-0.001362677,-0.5238053
2.298735619,-0.8498717,-0.0006009913,-0.001369915,-0.5237782
2.318467140,-0.8499323,-0.0006057298,-0.001384641,-0.5236798
2.338199139,-0.8499876,-0.0006070313,-0.001376066,-0.52359
2.360396862,-0.850073,-0.0006218831,-0.001390185,-0.5234511
2.380128861,-0.850133,-0.0006170769,-0.001388087,-0.5233539
2.399860382,-0.8501851,-0.0006303371,-0.001397954,-0.5232691
2.419591427,-0.8501207,-0.0006097952,-0.001386536,-0.523374
2.439323425,-0.8500684,-0.0006199883,-0.001389712,-0.5234588
2.459055424,-0.8500397,-0.0006177951,-0.001397288,-0.5235054
2.478786945,-0.8500178,-0.000603409,-0.001393535,-0.5235409
2.498518467,-0.8500076,-0.0006042136,-0.001400611,-0.5235575
2.518249989,-0.8500206,-0.0005932443,-0.001387852,-0.5235366
2.540448666,-0.8500285,-0.0005785499,-0.001389546,-0.5235238
2.560179711,-0.8500574,-0.0005651579,-0.001376726,-0.523477
2.579911709,-0.8500921,-0.0005736515,-0.001371644,-0.5234204
2.599643231,-0.8501186,-0.0005790133,-0.001362929,-0.5233774
2.619374752,-0.8500867,-0.0005833136,-0.001375441,-0.523429
2.639106274,-0.8500599,-0.0005998545,-0.001385965,-0.5234726
2.658838272,-0.850067,-0.0005970494,-0.001388627,-0.5234612
2.678569794,-0.8500853,-0.0005946387,-0.001389411,-0.5234315
2.698301315,-0.8501114,-0.0006169592,-0.001390093,-0.5233891
2.720499516,-0.8501201,-0.000605547,-0.001386026,-0.5233749
2.740230560,-0.8501351,-0.000603213,-0.001391567,-0.5233505
2.759962559,-0.8501128,-0.0006086587,-0.001401283,-0.5233866
2.779694557,-0.850078,-0.0005960643,-0.001402221,-0.5234432
2.799426079,-0.8500302,-0.0006027428,-0.001391141,-0.5235209
2.819157601,-0.8499752,-0.0006010151,-0.001388475,-0.5236101
2.838889122,-0.8499218,-0.0006226263,-0.00139063,-0.5236968
2.858621121,-0.8498637,-0.0006136744,-0.00139621,-0.5237911
2.878353119,-0.8498125,-0.0005862971,-0.001398421,-0.5238741
2.900550842,-0.849784,-0.0005822218,-0.001421542,-0.5239203
2.920282364,-0.8497842,-0.0005757183,-0.001446564,-0.5239201
2.940013886,-0.8497741,-0.0005540693,-0.00145878,-0.5239365
2.959745407,-0.8496407,-0.0005334733,-0.00147829,-0.5241525
2.979477406,-0.8495025,-0.0005090603,-0.001498783,-0.5243765
2.999208927,-0.8494325,-0.0004818029,-0.001506326,-0.52449
3.018940449,-0.8494347,-0.0004726585,-0.001521848,-0.5244864
3.038671970,-0.8494368,-0.000463196,-0.00153227,-0.524483
3.058403969,-0.849454,-0.0004447289,-0.001518431,-0.5244551
3.078135967,-0.8494729,-0.0004278574,-0.001517191,-0.5244246
3.100333691,-0.8494371,-0.0004046829,-0.001524591,-0.5244824
3.120065212,-0.8493545,-0.0003900349,-0.001532296,-0.5246162
3.139796734,-0.8492742,-0.0003809417,-0.00152932,-0.524746
3.159528255,-0.8492396,-0.0003689184,-0.001529676,-0.5248021
3.179260254,-0.8491996,-0.0003416622,-0.001539202,-0.5248668
3.198992252,-0.849185,-0.0003233005,-0.001532983,-0.5248905
3.218723297,-0.8491812,-0.0003174897,-0.001547466,-0.5248965
3.238454819,-0.849186,-0.0003135174,-0.001558419,-0.5248889
3.258186817,-0.8492025,-0.000305642,-0.001564877,-0.5248622
3.280384541,-0.8492309,-0.0003086025,-0.001573988,-0.5248162
3.300116539,-0.8492287,-0.0003177733,-0.001579277,-0.5248196
3.319848061,-0.8492129,-0.0003094488,-0.001554013,-0.5248455
3.339579582,-0.8492228,-0.0003026783,-0.001550138,-0.5248293
3.359311104,-0.8492643,-0.0003082496,-0.001548896,-0.5247622
3.379043102,-0.8493125,-0.0003133054,-0.001526935,-0.5246841
3.398775101,-0.849277,-0.0003122478,-0.001515401,-0.5247418
3.418506146,-0.8492162,-0.0003014608,-0.001507232,-0.52484
3.438237667,-0.8491626,-0.0003044796,-0.00149925,-0.5249268
3.460436344,-0.8490972,-0.0002944455,-0.001491999,-0.5250327
3.480167389,-0.8490574,-0.0003082317,-0.001502222,-0.525097
3.499899387,-0.8490354,-0.0003130768,-0.001509279,-0.5251325
3.519631386,-0.849014,-0.0003247843,-0.001512587,-0.5251672
3.539362431,-0.849011,-0.0003425708,-0.001513602,-0.5251722
3.559093952,-0.8490065,-0.0003369451,-0.001511742,-0.5251792
3.578825951,-0.8490052,-0.000335985,-0.001512752,-0.5251813
3.598557949,-0.8489336,-0.0003188326,-0.001514081,-0.5252972
3.618288994,-0.8488678,-0.0003163582,-0.00152618,-0.5254033
3.640487194,-0.8488153,-0.0003314923,-0.00153927,-0.525488
3.660218716,-0.8487971,-0.0003373295,-0.001534898,-0.5255175
3.679950237,-0.8487825,-0.0003454631,-0.001544056,-0.5255412
3.699682236,-0.8488175,-0.0003615245,-0.001557879,-0.5254847
3.719414234,-0.8488336,-0.0003545462,-0.001552874,-0.5254585
3.739145279,-0.8488446,-0.0003553701,-0.001541989,-0.5254408
3.758876801,-0.848851,-0.0003601439,-0.001534821,-0.5254305
3.778608799,-0.8488373,-0.0003487063,-0.001518413,-0.5254526
3.798340798,-0.8489293,-0.0003442197,-0.001513923,-0.525304
3.820538521,-0.8490404,-0.0003417316,-0.00152544,-0.5251245
3.840270519,-0.8490726,-0.0003345945,-0.00151861,-0.5250723
3.860002041,-0.8490766,-0.0003183954,-0.001524121,-0.525066
3.879733086,-0.8490834,-0.000314265,-0.001522911,-0.5250549
3.899465084,-0.8491248,-0.0003042751,-0.001527916,-0.5249879
3.919197083,-0.8491645,-0.0003061323,-0.001521038,-0.5249237
3.938928128,-0.8491853,-0.0003137158,-0.001506279,-0.5248901
3.958660126,-0.849201,-0.0003206768,-0.001499765,-0.5248648
3.978391647,-0.8492372,-0.0003323626,-0.001483564,-0.5248062
4.000589371,-0.8493294,-0.0003311809,-0.001461898,-0.524657
4.020321369,-0.8494281,-0.0003469263,-0.001483202,-0.5244973
4.040053368,-0.8495253,-0.0003597481,-0.001496426,-0.5243396
4.059784889,-0.8496201,-0.0003737797,-0.001511413,-0.5241862
4.079515934,-0.8496954,-0.0003858746,-0.001506378,-0.5240639
4.099247932,-0.849721,-0.0004039219,-0.001506811,-0.5240223
4.118979931,-0.8497341,-0.0004132686,-0.001491617,-0.5240013
4.138710976,-0.8496682,-0.0004059571,-0.001487152,-0.5241079
4.158442974,-0.8495799,-0.0004141404,-0.001481627,-0.5242512
4.178174496,-0.8495225,-0.0004182418,-0.001473539,-0.5243441
4.200372219,-0.8495238,-0.0004000396,-0.001454706,-0.524342
4.220104218,-0.8495347,-0.0004006524,-0.00143844,-0.5243247
4.239836216,-0.8495063,-0.0003909392,-0.001422934,-0.5243707
4.259567738,-0.8494799,-0.00039193,-0.001423981,-0.5244135
4.279299259,-0.849449,-0.0003815889,-0.00141286,-0.5244635
4.299030781,-0.8494144,-0.0003761023,-0.001394114,-0.5245197
4.318762779,-0.8493943,-0.0003927604,-0.001402582,-0.5245521
4.338493824,-0.8494146,-0.0004095452,-0.001407232,-0.5245192
4.358225823,-0.8494379,-0.0004030262,-0.00140421,-0.5244817
4.380424023,-0.8494415,-0.0004205848,-0.001409575,-0.5244756
4.400155544,-0.8494224,-0.0004339977,-0.001411221,-0.5245065
4.419887066,-0.8493935,-0.0004304668,-0.001405141,-0.5245535
4.439619064,-0.8493647,-0.0004373898,-0.001398807,-0.5246
4.459350586,-0.849319,-0.0004216815,-0.001380753,-0.524674
4.479082108,-0.849295,-0.0004162513,-0.001371967,-0.5247129
4.498813629,-0.849259,-0.0004145747,-0.001362609,-0.5247714
4.518545628,-0.8492328,-0.0004055408,-0.00135951,-0.5248135
4.538278103,-0.8492591,-0.0004281715,-0.001356008,-0.5247711
4.560475350,-0.8492804,-0.0004243353,-0.00135709,-0.5247368
4.580206871,-0.8492916,-0.0004299986,-0.001372869,-0.5247182
4.599938393,-0.8492958,-0.0004472943,-0.001389851,-0.5247117
4.619669914,-0.8493,-0.0004549048,-0.001400023,-0.5247048
4.639401913,-0.8494256,-0.0004814945,-0.001425238,-0.5245014
4.659133434,-0.8495492,-0.0004966814,-0.001426203,-0.524301
4.678864956,-0.8496384,-0.0004989872,-0.001419024,-0.5241564
4.698596478,-0.8496965,-0.0004901388,-0.001408365,-0.5240623
4.718328476,-0.8497652,-0.0004832925,-0.001406921,-0.5239508
4.740526200,-0.8497721,-0.0004592103,-0.001375975,-0.5239398
4.760258198,-0.8497931,-0.0004705701,-0.001367336,-0.5239058
4.779989720,-0.8497821,-0.0004624427,-0.001365158,-0.5239236
4.799721241,-0.8497691,-0.0004556211,-0.001369653,-0.5239447
4.819452763,-0.8497611,-0.0004443,-0.00137575,-0.5239578
4.839184761,-0.8497935,-0.0004332179,-0.001363636,-0.5239053
4.858916760,-0.849825,-0.0004269342,-0.001364931,-0.5238543
4.878647804,-0.8498481,-0.0004243378,-0.001378801,-0.5238167
4.898381710,-0.8498693,-0.0004275483,-0.001383724,-0.5237823
4.920578003,-0.8498678,-0.0004296653,-0.001396016,-0.5237846
4.940309048,-0.8498408,-0.0004422261,-0.001392657,-0.5238286
4.960041046,-0.8498003,-0.0004338517,-0.001387346,-0.5238942
4.979773045,-0.8497927,-0.0004405641,-0.001381564,-0.5239065
4.999504566,-0.8497731,-0.000431579,-0.001374018,-0.5239382
5.019235611,-0.8497716,-0.0004547241,-0.001361414,-0.5239407
5.038967609,-0.8497567,-0.0004640247,-0.001376364,-0.5239648
5.058699608,-0.8497191,-0.0004702634,-0.001379379,-0.5240258
5.078430653,-0.8496857,-0.000464791,-0.001375649,-0.5240801
5.098162651,-0.8496563,-0.0004742621,-0.00137194,-0.5241275
5.120360851,-0.8496096,-0.0004600348,-0.001364009,-0.5242035
5.140091896,-0.8495936,-0.0004476301,-0.00135022,-0.5242295
5.159823895,-0.8495797,-0.0004572363,-0.001338052,-0.5242519
5.179555893,-0.8496308,-0.0004589593,-0.001354391,-0.5241688
5.199287415,-0.8496878,-0.0004498941,-0.001363789,-0.5240766
5.219018459,-0.8497505,-0.0004279652,-0.001367514,-0.523975
5.238750458,-0.8498307,-0.0004253773,-0.00139391,-0.5238446
5.258482456,-0.8499109,-0.0004210089,-0.001394976,-0.5237145
5.278213501,-0.84992,-0.0004146823,-0.001410821,-0.5236999
5.300412178,-0.8499126,-0.000417507,-0.001420494,-0.5237117
5.320143700,-0.8498848,-0.0004075261,-0.001399879,-0.5237569
5.339874744,-0.8498473,-0.0004060674,-0.001387623,-0.5238179
5.359606743,-0.8498124,-0.000415013,-0.001373724,-0.5238745
5.379338741,-0.8497474,-0.0004240547,-0.001367243,-0.52398
5.399070263,-0.8496698,-0.0004208974,-0.00137246,-0.5241057
5.418801785,-0.8496172,-0.0004390219,-0.001384472,-0.5241908
5.438533306,-0.8495887,-0.0004408968,-0.001389482,-0.5242373
5.458265305,-0.8495647,-0.0004502832,-0.001382879,-0.524276
5.480463028,-0.8494913,-0.0004623404,-0.001400341,-0.5243949
5.500195027,-0.8506094,-0.001489445,-0.001998569,-0.5225756
5.519926548,-0.8573226,-0.002495175,-0.002554217,-0.5114812
5.539657593,-0.8601674,-0.001128042,-0.002333531,-0.5066885
5.559389591,-0.8597295,-0.001291979,-0.003178831,-0.5074259
5.579121590,-0.8585538,-0.00153875,-0.003731218,-0.5094084
5.598853111,-0.8568226,-0.001511607,-0.003654564,-0.5123156
5.618584633,-0.856075,1.652868E-05,-0.002388721,-0.5135735
5.638316155,-0.8563844,0.000699108,-0.002404096,-0.5130566
5.660514832,-0.8599608,0.0007627779,-0.004323313,-0.5070264
5.680245876,-0.865247,0.001955945,-0.007682971,-0.4979082
5.699977875,-0.8684711,0.004934589,-0.01077673,-0.4921841
5.719709397,-0.8701333,0.01337616,-0.015169,-0.488965
5.739441395,-0.870887,0.02254352,-0.01958201,-0.4871261
5.759172440,-0.871129,0.02687673,-0.02276588,-0.4863346
5.778904438,-0.8713105,0.03052411,-0.02592107,-0.4856359
5.798635960,-0.8719236,0.03423981,-0.0266185,-0.484248
5.818367481,-0.8728875,0.03826355,-0.02488783,-0.4822982
5.840565682,-0.8740604,0.04169051,-0.02072167,-0.4800818
5.860297680,-0.8747977,0.0430805,-0.01710501,-0.4787569
5.880028725,-0.8756207,0.04383955,-0.01292259,-0.4773126
5.899760723,-0.8761157,0.04349896,-0.009746576,-0.47651
5.919492245,-0.876709,0.04217493,-0.00729625,-0.4755807
5.939224243,-0.8776007,0.0408914,-0.005227627,-0.4740733
5.958955288,-0.8789309,0.03829823,-0.002039746,-0.4718444
5.978687286,-0.8802487,0.03438035,0.0009461925,-0.4696882
5.998419285,-0.8812545,0.02958406,0.00372246,-0.4681123
6.018150806,-0.8823125,0.02536129,0.006186157,-0.4663376
6.040348530,-0.8836727,0.02175316,0.00981305,-0.4638759
6.060080528,-0.8845532,0.01824947,0.01262594,-0.4622778
6.079811573,-0.8851474,0.01427393,0.01501517,-0.4612077
6.099543571,-0.8853613,0.009293091,0.01635241,-0.4608787
6.119275093,-0.8858715,0.004756783,0.0182972,-0.4598934
6.139007092,-0.8865555,0.0008755912,0.0212916,-0.458468
6.158738136,-0.8878578,-0.003879295,0.02419132,-0.4557807
6.178470135,-0.8897334,-0.00840197,0.02830599,-0.451808
6.198202133,-0.8914835,-0.01275306,0.03241678,-0.4479635
6.220399857,-0.8929531,-0.01695671,0.03558494,-0.4446443
6.240131378,-0.8940607,-0.01937175,0.03783177,-0.4421273
6.259863377,-0.8953666,-0.02188963,0.03993928,-0.4391721
6.279595375,-0.8968373,-0.02437422,0.04259187,-0.4357779
6.299326420,-0.8979337,-0.02601756,0.04562205,-0.4331101
6.319058418,-0.8986347,-0.02652321,0.048026,-0.4313624
6.338789940,-0.8990362,-0.02566717,0.04984047,-0.4303703
6.358520985,-0.8994259,-0.02463454,0.05016552,-0.4295779
6.378252983,-0.9002141,-0.02450965,0.04912186,-0.428052
6.400451660,-0.9013633,-0.02477217,0.04707491,-0.4258429
6.420182705,-0.9020699,-0.02382147,0.04477694,-0.424647
6.439914227,-0.9025159,-0.02133567,0.04153966,-0.4241602
6.459646225,-0.9029385,-0.01829427,0.03781094,-0.4237515
6.479378224,-0.9034732,-0.01594175,0.03403124,-0.4230266
6.499109268,-0.9039322,-0.01426833,0.0308322,-0.4223508
6.518841267,-0.9038993,-0.01301747,0.02826649,-0.4226407
6.538572788,-0.9035463,-0.0119667,0.02579786,-0.4235834
6.558304787,-0.903278,-0.0106735,0.02355487,-0.4243205
6.580502510,-0.9031345,-0.009754785,0.02087861,-0.4247881
6.600234509,-0.9033371,-0.009533832,0.01933921,-0.424435
6.619966030,-0.9033617,-0.009790349,0.01790423,-0.4244395
6.639697552,-0.9031431,-0.01065701,0.01546581,-0.4249793
6.659429073,-0.9031606,-0.01144267,0.01302102,-0.4250037
6.679161072,-0.9032796,-0.01205097,0.01040765,-0.4248059
6.698892117,-0.9034518,-0.01197819,0.008198531,-0.42449
6.718624115,-0.9035973,-0.01159919,0.006108935,-0.4242263
6.738355637,-0.9037537,-0.0112876,0.004102111,-0.4239252
6.760553360,-0.9037592,-0.01117562,0.001938308,-0.4239322
6.780285359,-0.9037768,-0.01125479,0.000291005,-0.4238968
6.800017357,-0.9039618,-0.01119127,-0.0007058645,-0.4235032
6.819748879,-0.9041137,-0.0113353,-0.001894795,-0.4231716
6.839480400,-0.9042261,-0.0116235,-0.00316912,-0.4229159
6.859211922,-0.9042106,-0.0117969,-0.004573779,-0.4229311
6.878943920,-0.9042056,-0.01184779,-0.005499388,-0.4229297
6.898675919,-0.9042459,-0.01189207,-0.005593635,-0.4228407
6.918406964,-0.9041992,-0.01200905,-0.00569707,-0.4229357
6.938138485,-0.9040947,-0.01211183,-0.006374022,-0.4231466
6.960336685,-0.9040376,-0.01255404,-0.007462672,-0.4232379
6.980068207,-0.9040405,-0.01329896,-0.00826693,-0.4231941
6.999800205,-0.9038696,-0.01413842,-0.00903462,-0.423516
7.019531727,-0.9036402,-0.01478827,-0.01006668,-0.4239601
7.039263248,-0.9035934,-0.01423146,-0.0102879,-0.4240735
7.058994770,-0.9034515,-0.01367189,-0.01082943,-0.4243806
7.078726769,-0.9031817,-0.01409027,-0.01184348,-0.4249138
7.098458767,-0.9027467,-0.01501168,-0.01290942,-0.4257746
7.118189812,-0.9022726,-0.01593976,-0.01415366,-0.4267051
7.140388012,-0.9018625,-0.01636226,-0.0158271,-0.4274968
7.160120010,-0.9016291,-0.01665235,-0.01737463,-0.4279177
7.179851055,-0.90161,-0.01664971,-0.01814212,-0.4279261
7.199583054,-0.9015697,-0.01671149,-0.01875861,-0.4279819
7.219315052,-0.9015213,-0.0168479,-0.01940646,-0.4280497
7.239046574,-0.901391,-0.01658937,-0.01995878,-0.4283088
7.258777618,-0.9012835,-0.01643514,-0.02066833,-0.4285072
7.278509617,-0.9014001,-0.01619285,-0.02108485,-0.428251
7.298241615,-0.9014947,-0.0159526,-0.02165498,-0.4280324
7.320439339,-0.901592,-0.01617942,-0.02249846,-0.4277752
7.340170860,-0.9016399,-0.01629922,-0.02305263,-0.4276401
7.359902859,-0.9017516,-0.01591163,-0.02314182,-0.4274141
7.379633904,-0.9017636,-0.01558032,-0.02316255,-0.4274
7.399365902,-0.9017335,-0.01552629,-0.02317008,-0.427465
7.419097900,-0.9016861,-0.01515263,-0.02302656,-0.4275862
7.438829422,-0.9017349,-0.01465843,-0.02302682,-0.4275006
7.458560944,-0.901881,-0.01442272,-0.02340508,-0.42718
7.478292465,-0.9020175,-0.01443868,-0.02389419,-0.4268638
7.500491142,-0.9020334,-0.01447191,-0.02401542,-0.4268224
7.520222187,-0.9020367,-0.01377794,-0.02310195,-0.4268886
7.539954186,-0.9020062,-0.01314593,-0.02259054,-0.4270004
7.559685707,-0.9021706,-0.01299988,-0.02235154,-0.4266702
7.579416752,-0.9023712,-0.01363877,-0.02249452,-0.426218
7.599148750,-0.9024773,-0.01455937,-0.02285461,-0.4259437
7.618880749,-0.9026249,-0.01504235,-0.02279384,-0.4256172
7.638612271,-0.9026873,-0.01469428,-0.02228861,-0.425524
7.658343792,-0.9027774,-0.01391281,-0.02168507,-0.4253902
7.680541992,-0.9029629,-0.01350117,-0.0213605,-0.4250262
7.700273991,-0.9029844,-0.01371458,-0.02152075,-0.4249652
7.720005036,-0.9029287,-0.0140014,-0.0219132,-0.4250542
7.739737034,-0.9028393,-0.01420349,-0.02231015,-0.425217
7.759468556,-0.9029065,-0.01405731,-0.02216688,-0.4250866
7.779200554,-0.9029382,-0.01376196,-0.02204137,-0.4250355
7.798931599,-0.9029627,-0.01380757,-0.02210799,-0.4249782
7.818663597,-0.9029489,-0.01413416,-0.02238646,-0.4249827
7.838395119,-0.9029724,-0.01441853,-0.02262991,-0.4249099
7.858127117,-0.9030035,-0.01430991,-0.02270185,-0.4248437
7.880324841,-0.9030828,-0.01418888,-0.02277543,-0.4246753
7.900056839,-0.9030906,-0.0141773,-0.02293348,-0.4246505
7.919787884,-0.9030787,-0.01423888,-0.02324029,-0.4246572
7.939519882,-0.9031478,-0.01419406,-0.02329586,-0.4245086
7.959251404,-0.9031862,-0.01430431,-0.02330904,-0.4244224
7.978983402,-0.9032288,-0.01421974,-0.02320754,-0.4243402
7.998714447,-0.9031996,-0.01396667,-0.02310371,-0.4244163
8.018446445,-0.9032112,-0.01398007,-0.0231871,-0.4243868
8.038177967,-0.9032866,-0.01411094,-0.02318377,-0.4242221
8.060376167,-0.9033719,-0.01448275,-0.0231488,-0.4240297
8.080107689,-0.9033546,-0.01462686,-0.02324899,-0.4240564
8.099839687,-0.9033591,-0.0142695,-0.02324426,-0.4240592
8.119571686,-0.9033161,-0.01399363,-0.02358518,-0.424141
8.139302731,-0.9033183,-0.0140295,-0.02409222,-0.4241065
8.159034252,-0.903272,-0.01420383,-0.02472077,-0.4241632
8.178766251,-0.9033145,-0.01396651,-0.02475797,-0.4240784
8.198497295,-0.9033137,-0.01337451,-0.02470056,-0.4241028
8.218229294,-0.9033691,-0.0129099,-0.02481031,-0.4239925
8.240427971,-0.9033933,-0.0129744,-0.02541087,-0.4239035
8.260159016,-0.9035036,-0.0131557,-0.02572683,-0.4236439
8.279890537,-0.9036037,-0.01314603,-0.02586986,-0.4234219
8.299622536,-0.9037927,-0.01299471,-0.02581685,-0.4230261
8.319354534,-0.9039053,-0.01266782,-0.02577412,-0.4227981
8.339085579,-0.9038701,-0.01228935,-0.0260181,-0.4228696
8.358817577,-0.9038168,-0.0119881,-0.0261571,-0.4229835
8.378549099,-0.9039016,-0.01198382,-0.02621849,-0.4227983
8.398281098,-0.9040474,-0.01216959,-0.02646655,-0.4224659
8.420478821,-0.9043176,-0.01232491,-0.02671709,-0.4218668
8.440210819,-0.9044154,-0.01238658,-0.02691006,-0.4216431
8.459942341,-0.9045199,-0.01241704,-0.02706458,-0.421408
8.479673386,-0.9047416,-0.0118292,-0.02668013,-0.4209732
8.499405384,-0.9048877,-0.01101068,-0.02619414,-0.4207118
8.519137383,-0.9049794,-0.01045543,-0.02587344,-0.4205487
8.538868427,-0.9050206,-0.0102929,-0.0256824,-0.4204759
8.558600426,-0.90496,-0.01042358,-0.02577685,-0.4205973
8.578331947,-0.9049405,-0.01058793,-0.0258646,-0.4206295
8.600529671,-0.9049458,-0.01033963,-0.02570322,-0.4206344
8.620261669,-0.9049875,-0.01011049,-0.02550324,-0.4205626
8.639993668,-0.9049169,-0.01015027,-0.02527858,-0.4207267
8.659725189,-0.9047711,-0.01035118,-0.02500782,-0.4210514
8.679456711,-0.9046243,-0.01059944,-0.02493132,-0.4213654
8.699188233,-0.9046032,-0.01084068,-0.02485036,-0.4214091
8.718920231,-0.904628,-0.01112367,-0.02474165,-0.4213548
8.738651753,-0.9045724,-0.01137045,-0.02479644,-0.4214644
8.758383274,-0.9044343,-0.01149736,-0.02498894,-0.4217461
8.778117657,-0.9043812,-0.01165017,-0.02510561,-0.4218489
8.800312519,-0.904501,-0.01171285,-0.02488974,-0.4216029
8.820044518,-0.9045978,-0.01160222,-0.02489724,-0.4213978
8.839776516,-0.9046603,-0.01153591,-0.0250714,-0.4212549
8.859508038,-0.9047254,-0.01157818,-0.02517004,-0.4211079
8.879239559,-0.9047921,-0.01160401,-0.02508816,-0.4209692
8.898971081,-0.9047956,-0.01163565,-0.02509447,-0.4209603
8.918703079,-0.9047942,-0.01176831,-0.02522567,-0.4209516
8.938435078,-0.9047995,-0.01183529,-0.02528947,-0.4209345
8.958166122,-0.9048163,-0.01187505,-0.02540056,-0.4208908
8.980364323,-0.9049105,-0.01159366,-0.02521744,-0.4207071
9.000096321,-0.9050217,-0.01133407,-0.02498563,-0.4204885
9.019827366,-0.905069,-0.01123163,-0.02495301,-0.4203915
9.039559364,-0.9050074,-0.01120247,-0.02520038,-0.4205101
9.059290886,-0.9049303,-0.01129534,-0.02553001,-0.4206535
9.079022408,-0.9048097,-0.01146289,-0.02580659,-0.4208916
9.098753929,-0.9048223,-0.01144589,-0.02579271,-0.4208658
9.118485928,-0.9049448,-0.01135484,-0.02579338,-0.4206045
9.138217926,-0.9050397,-0.01144585,-0.02613558,-0.4203768
9.160415649,-0.9050729,-0.01147713,-0.02637124,-0.4202898
9.180147171,-0.905048,-0.01138802,-0.0263902,-0.4203449
9.199879170,-0.9050592,-0.01130712,-0.02658458,-0.4203106
9.219610214,-0.9050626,-0.01119831,-0.02689565,-0.4202865
9.239342213,-0.9051331,-0.01101949,-0.02696607,-0.4201346
9.259074211,-0.9051843,-0.01095287,-0.02702428,-0.4200222
9.278805733,-0.9052417,-0.01112242,-0.0270174,-0.4198948
9.298536778,-0.9052907,-0.01130253,-0.0269234,-0.4197905
9.318268776,-0.9052889,-0.01130739,-0.02685826,-0.419798
9.340467453,-0.905332,-0.01121031,-0.0268296,-0.4197097
9.360198498,-0.9054125,-0.01093251,-0.02673638,-0.4195491
9.379930019,-0.9055395,-0.01066523,-0.0268648,-0.4192737
9.399662018,-0.9056355,-0.01036771,-0.02691928,-0.4190702
9.419393063,-0.9057238,-0.01019893,-0.02679442,-0.4188915
9.439125061,-0.905758,-0.0102267,-0.02672546,-0.4188214
9.458857060,-0.9057558,-0.01025507,-0.02676963,-0.4188225
9.478588581,-0.9056806,-0.01022269,-0.02682168,-0.4189825
9.498319626,-0.9056306,-0.01036037,-0.02680424,-0.4190884
9.520518303,-0.9055896,-0.01056284,-0.02675574,-0.4191749
9.540250301,-0.9055132,-0.0106983,-0.02685698,-0.4193302
9.559981346,-0.9055066,-0.01053179,-0.02675817,-0.419355
9.579713345,-0.9055288,-0.01023652,-0.02655396,-0.4193275
9.599444866,-0.9055765,-0.0102015,-0.02648996,-0.4192292
9.619176865,-0.9056219,-0.01036748,-0.02645904,-0.4191291
9.638907910,-0.9056504,-0.01054717,-0.02655796,-0.4190568
9.658639908,-0.9056482,-0.01045684,-0.02658873,-0.4190617
9.678371430,-0.905657,-0.01043396,-0.02670341,-0.4190362
9.698103428,-0.9057159,-0.01047746,-0.02673608,-0.4189054
9.720301151,-0.9057519,-0.01038457,-0.02668629,-0.4188334
9.740033150,-0.9057763,-0.01033178,-0.02653641,-0.4187913
9.759764195,-0.9057741,-0.01045437,-0.02650729,-0.4187946
9.779496193,-0.9057903,-0.01045658,-0.02630606,-0.4187724
9.799227715,-0.9057327,-0.01051883,-0.02638995,-0.4188901
9.818959713,-0.9057618,-0.01061746,-0.02625134,-0.4188336
9.838690758,-0.9057964,-0.01071089,-0.0260819,-0.4187666
9.858422756,-0.9058259,-0.01067197,-0.02609114,-0.4187034
9.878154278,-0.9058424,-0.01057754,-0.02625299,-0.4186601
9.900352478,-0.9058626,-0.0105668,-0.02652967,-0.4185993
9.920084000,-0.9059905,-0.01003851,-0.02618383,-0.4183569
9.939815998,-0.9061478,-0.008884977,-0.02543275,-0.4180885
9.959547043,-0.9062248,-0.007897486,-0.02510807,-0.417961
9.979279041,-0.9062274,-0.007164884,-0.02497192,-0.4179769
9.999010563,-0.9062073,-0.006890747,-0.0251979,-0.4180115
10.018742561,-0.9060949,-0.006845782,-0.02571979,-0.4182242
10.038473606,-0.9060423,-0.006671016,-0.02613459,-0.4183153
10.058208942,-0.9060411,-0.006509445,-0.02643948,-0.4183009
10.080403805,-0.9061885,-0.00622514,-0.02642076,-0.4179873
10.100135326,-0.9062446,-0.006092864,-0.02645746,-0.4178653
10.119866848,-0.9062954,-0.006160406,-0.02664886,-0.4177417
10.139598846,-0.9062832,-0.006230144,-0.02689939,-0.4177511
10.159330845,-0.9062945,-0.006301809,-0.027121,-0.4177114
10.179061890,-0.9062978,-0.006095051,-0.0271152,-0.4177075
10.198793411,-0.9062991,-0.005921254,-0.0271545,-0.4177047
10.218525410,-0.906343,-0.005786185,-0.0269423,-0.4176253
10.238257408,-0.9063664,-0.005908573,-0.02692425,-0.4175736
10.260455132,-0.9063218,-0.006023807,-0.02692099,-0.4176692
10.280186653,-0.9063048,-0.006262213,-0.02698529,-0.4176983
10.299918175,-0.906328,-0.006115964,-0.02666918,-0.4176705
10.319649696,-0.9064566,-0.006094879,-0.02661972,-0.4173948
10.339381695,-0.9065727,-0.006139221,-0.0267031,-0.4171365
10.359113693,-0.9066765,-0.006311538,-0.02688554,-0.4168967
10.378844738,-0.9067422,-0.006361676,-0.02701564,-0.4167446
10.398576260,-0.9068596,-0.006369691,-0.0270892,-0.4164838
10.418308258,-0.9069914,-0.00630033,-0.02714725,-0.4161942
10.440505982,-0.9069851,-0.006229891,-0.02734935,-0.4161957
10.460237980,-0.9069343,-0.006118415,-0.02736678,-0.416307
10.479969978,-0.9068214,-0.00608915,-0.02738796,-0.4165521
10.499701023,-0.9068262,-0.006099651,-0.02742179,-0.416539
10.519432545,-0.9068556,-0.006067797,-0.02745351,-0.4164734
10.539164543,-0.9067913,-0.006176583,-0.02758,-0.4166033
10.558896542,-0.9065962,-0.005963511,-0.02741321,-0.4170417
10.578627586,-0.9063831,-0.005751955,-0.02719479,-0.4175221
10.598359585,-0.9062895,-0.005783184,-0.02688066,-0.4177453
10.618091107,-0.9062026,-0.006294238,-0.02682124,-0.4179299
10.640288830,-0.906044,-0.006920416,-0.02663315,-0.4182762
10.660020828,-0.9059416,-0.007266238,-0.02623211,-0.418517
10.679752827,-0.9059807,-0.007618593,-0.025747,-0.4184563
10.699484348,-0.9059859,-0.008466058,-0.02550976,-0.4184436
10.719215870,-0.9059849,-0.009498613,-0.02531579,-0.4184352
10.738947392,-0.9059651,-0.009858424,-0.02496553,-0.4184906
10.758679390,-0.9059227,-0.009979783,-0.02479811,-0.4185897
10.778410912,-0.9059132,-0.0100688,-0.02468384,-0.4186147
10.798142433,-0.9058585,-0.01006729,-0.02445681,-0.4187466
10.820340634,-0.9057178,-0.00998678,-0.02426829,-0.4190636
10.840071678,-0.9056424,-0.01007697,-0.02432097,-0.4192211
10.859803677,-0.9056496,-0.01001581,-0.02438793,-0.4192033
10.879535675,-0.9056348,-0.01004775,-0.024629,-0.4192204
10.899267197,-0.905687,-0.009926778,-0.02456114,-0.4191144
10.918998718,-0.9057152,-0.009966816,-0.02469351,-0.4190448
10.938730240,-0.9057549,-0.01019378,-0.02514212,-0.4189272
10.958462238,-0.9056942,-0.01037731,-0.02563253,-0.4190236
10.978193760,-0.9056489,-0.01059205,-0.02608937,-0.4190879
11.000391960,-0.9057329,-0.01065227,-0.02608294,-0.4189055
11.020123482,-0.9058582,-0.01069276,-0.02600542,-0.4186382
11.039855003,-0.9059289,-0.01039433,-0.02570032,-0.4185114
11.059586525,-0.9058775,-0.0100146,-0.025399,-0.4186506
11.079318523,-0.905835,-0.009706202,-0.02503433,-0.4187717
11.099050045,-0.9058117,-0.009749392,-0.02491464,-0.4188285
11.118781567,-0.9058546,-0.009786121,-0.02452543,-0.4187573
11.138513088,-0.9058046,-0.009678144,-0.02409343,-0.4188932
11.158245087,-0.905759,-0.009699901,-0.02377289,-0.4190096
11.180442810,-0.9057809,-0.009944801,-0.02331669,-0.4189823
11.200174809,-0.9057586,-0.01023061,-0.02289463,-0.4190468
11.219906330,-0.905808,-0.01068124,-0.02228173,-0.4189618
11.239638329,-0.9058514,-0.01116857,-0.02150761,-0.4188958
11.259369373,-0.9058399,-0.01168894,-0.02093251,-0.4189357
11.279101372,-0.905917,-0.01215286,-0.02038286,-0.4187825
11.298832893,-0.9060799,-0.01278356,-0.0201069,-0.4184248
11.318564415,-0.9061345,-0.01370573,-0.02041241,-0.4182625
11.338295937,-0.9062824,-0.01518118,-0.02122001,-0.4178505
11.360494614,-0.906688,-0.01788632,-0.02350113,-0.4167403
11.380225659,-0.9072931,-0.0213646,-0.02701878,-0.4150427
11.399957657,-0.9074844,-0.02671808,-0.0323432,-0.4139323
11.419689179,-0.9072703,-0.03253517,-0.03836146,-0.4134708
11.439421177,-0.9068189,-0.03636218,-0.04434199,-0.413544
11.459152222,-0.9073011,-0.03920013,-0.05132206,-0.4114143
11.478884220,-0.90873,-0.0393109,-0.05688434,-0.4075001
11.498616219,-0.9099905,-0.03492821,-0.06303473,-0.4041678
11.518347263,-0.9104171,-0.03055146,-0.07209286,-0.4020417
11.538078785,-0.9115791,-0.02668154,-0.07765408,-0.398634
11.560277462,-0.9118992,-0.02573175,-0.08065911,-0.3973658
11.580008507,-0.910816,-0.02193537,-0.08502967,-0.3991627
11.599740505,-0.911171,-0.008195283,-0.0845007,-0.3989831
11.619472504,-0.9116792,0.009827933,-0.08362232,-0.3979689
11.639204025,-0.9121422,0.02272266,-0.08625674,-0.395813
11.658935070,-0.9123539,0.02934093,-0.09105079,-0.3938107
11.678667069,-0.9118319,0.03342845,-0.09702607,-0.3932667
11.698399067,-0.9112139,0.03792065,-0.1023653,-0.3929379
11.718130589,-0.9105967,0.04246604,-0.1046966,-0.3932894
11.740328312,-0.9100682,0.04460583,-0.1033886,-0.3946198
11.760060311,-0.9102056,0.0446822,-0.0977827,-0.3957212
11.779791355,-0.9106322,0.0451243,-0.08944262,-0.3966618
11.799523354,-0.9110289,0.04599308,-0.0807732,-0.3975103
11.819255352,-0.9110933,0.04394189,-0.07194861,-0.3992859
11.838986874,-0.9109839,0.04422412,-0.06381731,-0.4008836
11.858717919,-0.9112347,0.04322729,-0.05444222,-0.4018039
11.878449917,-0.9115555,0.04286624,-0.04473139,-0.4023131
11.898181915,-0.9117172,0.04268845,-0.03507674,-0.4029229
11.920379639,-0.9120221,0.04199388,-0.02319272,-0.4031649
11.940111637,-0.9121546,0.04047221,-0.01173169,-0.403517
11.959843159,-0.9115978,0.03712621,-0.0007556838,-0.4052632
11.979575157,-0.9105191,0.03230632,0.01008446,-0.4079673
11.999306202,-0.9089991,0.02672798,0.02222861,-0.4112663
12.019038200,-0.907027,0.02018276,0.03592538,-0.4150082
12.038769722,-0.9045486,0.01108488,0.04956942,-0.4193321
12.058501244,-0.9020728,-0.003157897,0.06043473,-0.4233555
12.078232765,-0.8996027,-0.01509627,0.07093509,-0.4267118
12.100431442,-0.8977994,-0.02899183,0.08216629,-0.4277757
12.120162487,-0.8973016,-0.03942651,0.09088933,-0.4262186
12.139894486,-0.8966262,-0.04643714,0.09915345,-0.4250896
12.159626007,-0.8942236,-0.05001368,0.106848,-0.4278714
12.179358006,-0.8916945,-0.05283618,0.1119366,-0.4314941
12.199089050,-0.890058,-0.05635971,0.1146632,-0.4337055
12.218821049,-0.8893155,-0.06013003,0.1163108,-0.4342833
12.238552570,-0.888653,-0.06333003,0.1178426,-0.4347712
12.258284569,-0.8875967,-0.06377073,0.1191437,-0.4365067
12.280482292,-0.8862302,-0.06239073,0.117107,-0.4400193
12.300214291,-0.8850872,-0.06023287,0.1123402,-0.4438469
12.319945335,-0.8857206,-0.05978262,0.1042972,-0.4446065
12.339677334,-0.8870747,-0.06094434,0.09465417,-0.4439059
12.359408856,-0.8886084,-0.06122248,0.08523231,-0.4427077
12.379140854,-0.8897946,-0.0566238,0.07626099,-0.4425733
12.398871899,-0.8906067,-0.05029434,0.06557766,-0.4434156
12.418603897,-0.8916513,-0.04558996,0.0531945,-0.4434833
12.438335419,-0.8932163,-0.04195432,0.04142498,-0.4419461
12.458067417,-0.8945068,-0.03990261,0.02844771,-0.4405494
12.480265141,-0.8950413,-0.04017513,0.01017856,-0.4402398
12.499997139,-0.8954583,-0.03954442,-0.005353284,-0.4395336
12.519728184,-0.8960762,-0.03828786,-0.01823263,-0.4380374
12.539460182,-0.8961741,-0.03702128,-0.02928075,-0.4373462
12.559191704,-0.8961294,-0.03355839,-0.03899794,-0.4369585
12.578923702,-0.896077,-0.02888986,-0.04860533,-0.4364363
12.598654747,-0.8959612,-0.02570169,-0.05915667,-0.4355701
12.618386746,-0.8960934,-0.02293768,-0.068998,-0.4340016
12.638118744,-0.8961697,-0.01819924,-0.07733517,-0.432661
12.660316467,-0.8960732,-0.01027045,-0.08477958,-0.4317262
12.680047989,-0.896102,-0.002825516,-0.08863393,-0.4310047
12.699779987,-0.8958741,0.002207254,-0.09085745,-0.4310188
12.719511032,-0.8956442,0.00443581,-0.09034149,-0.4315875
12.739243031,-0.8956415,0.004380769,-0.08651064,-0.4323781
12.758974552,-0.8953279,0.002971532,-0.08095709,-0.4341116
12.778706551,-0.895421,0.001003004,-0.07335819,-0.4352775
12.798437596,-0.8959364,-0.001274765,-0.06322089,-0.4358065
12.818169594,-0.8963916,-0.00410675,-0.05200696,-0.4363351
12.840368271,-0.8968276,-0.006280025,-0.03783203,-0.4368719
12.860099316,-0.8969319,-0.007798212,-0.02442071,-0.4375885
12.879830837,-0.8971505,-0.009635511,-0.01036906,-0.4376623
12.899562836,-0.8972664,-0.01220862,0.003342988,-0.4374705
12.919294834,-0.8972051,-0.01559934,0.01640528,-0.4371937
12.939025879,-0.8968906,-0.01983204,0.02859941,-0.4370395
12.958757877,-0.8961712,-0.02471094,0.04019232,-0.4373544
12.978489399,-0.8952905,-0.02980806,0.05139614,-0.4376671
12.998220444,-0.8942188,-0.03511472,0.06147208,-0.4381651
13.020419121,-0.8929702,-0.04284728,0.07154141,-0.438495
13.040151119,-0.8926469,-0.05067849,0.07989852,-0.436872
13.059882164,-0.8927541,-0.05625725,0.08749942,-0.4345074
13.079613686,-0.8931795,-0.06087198,0.09360351,-0.4317302
13.099345684,-0.893887,-0.06358296,0.09779729,-0.4289367
13.119077683,-0.8944828,-0.06472023,0.09934869,-0.4271642
13.138808727,-0.8960094,-0.0676991,0.09756498,-0.4239016
13.158540726,-0.8983467,-0.0724861,0.09505753,-0.4187011
13.178272247,-0.8997315,-0.0762324,0.09440029,-0.4151967
13.200469971,-0.8995957,-0.07554645,0.09496583,-0.4154871
13.220201969,-0.8992716,-0.07135895,0.09370486,-0.4172117
13.239933968,-0.8992452,-0.06766988,0.08881015,-0.41895
13.259665012,-0.899657,-0.06673396,0.08374558,-0.419259
13.279397011,-0.9004505,-0.06641073,0.08118124,-0.4181097
13.299128532,-0.9028356,-0.06779964,0.07718689,-0.4134743
13.318860531,-0.9059265,-0.07112125,0.06875095,-0.4076028
13.338591576,-0.9068267,-0.07374924,0.05443561,-0.4072971
13.358323574,-0.9066765,-0.07274923,0.04146139,-0.4093336
13.378055096,-0.9077871,-0.06461988,0.03522843,-0.4088197
13.400253296,-0.9089973,-0.05507698,0.02760901,-0.4081127
13.419984818,-0.9092084,-0.05232888,0.01426813,-0.4086879
13.439716816,-0.9089429,-0.05062765,0.0002039137,-0.4097404
13.459448338,-0.9083883,-0.04545764,-0.01117095,-0.4114212
13.479179859,-0.9086022,-0.03676511,-0.01945604,-0.4115088
13.498911381,-0.9094189,-0.02778669,-0.02673194,-0.409998
13.518643379,-0.9095291,-0.02178341,-0.03635558,-0.4093756
13.538374424,-0.9088093,-0.01699647,-0.04730198,-0.4100818
13.558106423,-0.9079837,-0.009722142,-0.056445,-0.41099
13.580304623,-0.9066896,-0.0009057082,-0.06665323,-0.4124297
13.600036144,-0.9056224,0.004022583,-0.07390835,-0.413518
13.619767666,-0.9044455,0.006837458,-0.07799857,-0.4153015
13.639499664,-0.9037326,0.008729406,-0.07830011,-0.4167588
13.659231186,-0.9033232,0.01036379,-0.07528887,-0.4181614
13.678962708,-0.9030891,0.01131745,-0.06976104,-0.4195987
13.698694229,-0.9026093,0.01096242,-0.06265055,-0.421757
13.718426228,-0.9020681,0.008727759,-0.05388356,-0.4241711
13.738157273,-0.9016442,0.004605744,-0.04406431,-0.426266
13.760355950,-0.9010611,-0.001601003,-0.03397078,-0.4284391
13.780087471,-0.9006433,-0.007734037,-0.02646221,-0.4297781
13.799818993,-0.9001021,-0.01414832,-0.02078992,-0.4310585
13.819550514,-0.8994581,-0.02119844,-0.01719409,-0.4322706
13.839282513,-0.8992016,-0.02795823,-0.01404164,-0.4325337
13.859014511,-0.8991703,-0.03477725,-0.01003314,-0.4322157
13.878745556,-0.8995945,-0.04261974,-0.003850011,-0.4307275
13.898477078,-0.9002809,-0.05064336,0.004827622,-0.4284087
13.918209076,-0.9008628,-0.05788643,0.01504961,-0.4260242
13.940406800,-0.9012999,-0.06634645,0.02531242,-0.4233718
13.960138798,-0.9015694,-0.07404801,0.03261698,-0.4210148
13.979870319,-0.9014215,-0.07975393,0.03933705,-0.4197126
13.999601841,-0.9012486,-0.08341305,0.04615985,-0.4186764
14.019333363,-0.901261,-0.08474918,0.05384995,-0.4174616
14.039065361,-0.9009265,-0.08458854,0.06102434,-0.4172286
14.058797359,-0.9016521,-0.08487439,0.06581105,-0.4148693
14.078528404,-0.9030026,-0.08573313,0.0689837,-0.411224
14.098260403,-0.9046209,-0.08932968,0.06999342,-0.406706
14.120458126,-0.9056284,-0.09471115,0.06854308,-0.4034806
14.140189648,-0.9062623,-0.09715848,0.06457666,-0.4021274
14.159921646,-0.9066896,-0.09533507,0.05911613,-0.4024401
14.179653645,-0.9068066,-0.09072001,0.0509262,-0.4043586
14.199384689,-0.9076916,-0.08618595,0.04085547,-0.4045078
14.219116211,-0.908761,-0.08355594,0.02911835,-0.4036728
14.238848209,-0.9096323,-0.08288115,0.01653977,-0.4025592
14.258580208,-0.909918,-0.08266323,0.003392399,-0.4022839
14.278311253,-0.9097227,-0.07944708,-0.007899562,-0.403309
14.298043251,-0.9097382,-0.07148162,-0.01536252,-0.4045472
14.320240975,-0.9101027,-0.05906596,-0.02048416,-0.4055028
14.339972496,-0.9100828,-0.05056788,-0.02644007,-0.4063506
14.359704495,-0.9097865,-0.04578364,-0.03570617,-0.4068725
14.379436493,-0.9090899,-0.0423742,-0.04792232,-0.4075427
14.399167538,-0.9083558,-0.03782229,-0.05966565,-0.4080773
14.418899536,-0.907988,-0.03267702,-0.06883524,-0.4078965
14.438631058,-0.9074567,-0.02694418,-0.07614998,-0.4081975
14.458363056,-0.9070898,-0.02124086,-0.08183525,-0.4082496
14.478094101,-0.9061711,-0.01755819,-0.08863366,-0.4090442
14.500292778,-0.9053915,-0.01430664,-0.09623281,-0.4091803
14.520023823,-0.9050557,-0.01142871,-0.1010253,-0.4088583
14.539755345,-0.9047763,-0.009156195,-0.1025076,-0.4091647
14.559487343,-0.9049543,-0.007348364,-0.09946496,-0.4095585
14.579219341,-0.9052131,-0.005870553,-0.09338897,-0.4104399
14.598950386,-0.9054267,-0.005344601,-0.08535168,-0.4117239
14.618682385,-0.9058636,-0.006815088,-0.0758964,-0.4125919
14.638413906,-0.9063347,-0.01138471,-0.06664964,-0.4130536
14.658145905,-0.9065198,-0.01826745,-0.05783262,-0.4137286
14.680343628,-0.9064851,-0.02664954,-0.04710712,-0.4147086
14.700075627,-0.90656,-0.03302656,-0.03532194,-0.4152568
14.719806671,-0.9064087,-0.03816123,-0.02183333,-0.4160747
14.739538670,-0.9062344,-0.04260984,-0.007485407,-0.4165275
14.759270191,-0.905827,-0.04605803,0.006933705,-0.417056
14.779002190,-0.9050969,-0.05013123,0.01984849,-0.4177561
14.798733235,-0.9041436,-0.05486859,0.03206656,-0.4184654
14.818465233,-0.9029227,-0.06039025,0.04449514,-0.4192033
14.838196755,-0.90155,-0.06697361,0.05598128,-0.4197808
14.860394478,-0.9000918,-0.07359945,0.06828678,-0.4199793
14.880126476,-0.8987153,-0.07791081,0.07823218,-0.4204142
14.899858475,-0.8976247,-0.08224216,0.08560998,-0.4204817
14.919589520,-0.8970613,-0.08531829,0.09098771,-0.4199414
14.939321518,-0.8971749,-0.08657357,0.09386148,-0.4188079
14.959053040,-0.8985482,-0.08785089,0.09323368,-0.4157263
14.978785038,-0.8999118,-0.08970963,0.08992543,-0.4131007
14.998516083,-0.90132,-0.09186713,0.08706476,-0.4101586
15.018248081,-0.9028808,-0.09476139,0.0848089,-0.4065237
15.040445805,-0.9028132,-0.09569842,0.08466578,-0.4064843
15.060177803,-0.9027147,-0.09677058,0.08494756,-0.4063906
15.079909325,-0.9026914,-0.09637238,0.08626458,-0.4062595
15.099641323,-0.9028253,-0.09314545,0.08652099,-0.4066598
15.119372368,-0.9045348,-0.08942448,0.08133802,-0.4047615
15.139104366,-0.9068101,-0.08359039,0.07201851,-0.4026775
15.158835888,-0.9089833,-0.0788911,0.06292571,-0.4002419
15.178567886,-0.9108065,-0.07532356,0.05294006,-0.3982247
15.198298931,-0.9118816,-0.06853079,0.04048182,-0.3984523
15.218030930,-0.9118962,-0.05966808,0.02619373,-0.401032
15.240228653,-0.9121951,-0.0481444,0.01514801,-0.4024681
15.259960651,-0.9128159,-0.04262732,0.006555264,-0.4019139
15.279692173,-0.9129764,-0.04327187,-0.006227124,-0.4014853
15.299424172,-0.9131237,-0.04352677,-0.02038577,-0.4006526
15.319155216,-0.9133549,-0.04131011,-0.03408605,-0.3994274
15.338887215,-0.9135851,-0.03763447,-0.04534043,-0.398143
15.358618736,-0.9135977,-0.03275168,-0.05184283,-0.397752
15.378350258,-0.9131578,-0.02875485,-0.05645131,-0.398443
15.398081780,-0.9124154,-0.02467977,-0.06131301,-0.3996966
15.420280457,-0.9113767,-0.01872467,-0.06734464,-0.4014153
15.440011501,-0.9108444,-0.01304777,-0.0728292,-0.4018902
15.459743500,-0.910647,-0.006910968,-0.07802732,-0.4015143
15.479475021,-0.9107695,-0.0003657579,-0.08122155,-0.4006613
15.499206543,-0.9108293,0.004762035,-0.08290486,-0.4001524
15.518938065,-0.9103652,0.007127409,-0.08280894,-0.4011916
15.538670063,-0.909827,0.007168933,-0.07944676,-0.4030874
15.558401585,-0.9093781,0.005921768,-0.07302479,-0.405329
15.578133106,-0.9091672,0.002010959,-0.06398278,-0.4073633
15.600331307,-0.9090276,-0.005993227,-0.05177814,-0.4093648
15.620062828,-0.9088144,-0.01445136,-0.04029034,-0.4109161
15.639794350,-0.9085144,-0.02217918,-0.02754155,-0.4122849
15.659526348,-0.9081305,-0.02872254,-0.01306599,-0.4134379
15.679257870,-0.9076064,-0.03384763,0.003198158,-0.414394
15.698989391,-0.9068674,-0.03846589,0.01956647,-0.4151585
15.718720913,-0.9058324,-0.04301016,0.03490031,-0.4159658
15.738452912,-0.9046186,-0.04870863,0.04768555,-0.4167091
15.758183956,-0.9033533,-0.05480649,0.05767731,-0.417433
15.780382633,-0.9019604,-0.06139512,0.06589122,-0.4183111
15.800114155,-0.9008428,-0.06718539,0.07183243,-0.418851
15.819845677,-0.9001087,-0.07291986,0.07791162,-0.4183831
15.839577198,-0.8993553,-0.07856029,0.0829278,-0.4180181
15.859309197,-0.8987028,-0.08286881,0.0880511,-0.4175414
15.879040718,-0.8978192,-0.08355753,0.09496755,-0.417789
15.898772240,-0.8972948,-0.08214393,0.1013056,-0.417707
15.918503762,-0.8977232,-0.08168194,0.1052797,-0.4158904
15.938235760,-0.8989723,-0.08292298,0.1078549,-0.4122711
15.960433483,-0.9010921,-0.08492837,0.1093565,-0.4068036
15.980165482,-0.9002141,-0.08060578,0.1115218,-0.4090331
15.999897003,-0.8996578,-0.07558817,0.1103631,-0.4115214
16.019628525,-0.9001501,-0.07115883,0.1059091,-0.4124039
16.039360046,-0.9011436,-0.06704367,0.09933031,-0.412561
16.059092045,-0.9019822,-0.06300294,0.09050492,-0.4133949
16.078823090,-0.9031529,-0.05936932,0.07997645,-0.4135475
16.098555088,-0.904431,-0.0546128,0.06956618,-0.413292
16.118286610,-0.9055168,-0.04797645,0.05974129,-0.4132752
16.138018608,-0.9063505,-0.04080271,0.05018499,-0.4134889
16.160216332,-0.9068102,-0.03379144,0.03869184,-0.4143479
16.179948330,-0.9068365,-0.02831553,0.02734715,-0.4156028
16.199679375,-0.906392,-0.02349943,0.01547805,-0.4174801
16.219411373,-0.9058506,-0.01837318,0.005506087,-0.4191592
16.239142895,-0.9051843,-0.01407023,-0.003568143,-0.4207832
16.258874893,-0.9044471,-0.01192825,-0.01245323,-0.4222624
16.278605938,-0.9035838,-0.01178163,-0.02042081,-0.4238022
16.298337936,-0.9028246,-0.0122935,-0.02662857,-0.4250591
16.318069935,-0.9022108,-0.01282019,-0.03098908,-0.4260503
16.340267658,-0.9015832,-0.01283867,-0.03384842,-0.427159
16.359999180,-0.9011508,-0.01292479,-0.0344314,-0.4280217
16.379730702,-0.9008266,-0.01418577,-0.03391212,-0.428705
16.399462223,-0.9006189,-0.01659252,-0.0328259,-0.4291393
16.419194222,-0.9003991,-0.01975015,-0.03179114,-0.4295442
16.438925743,-0.9000636,-0.02237613,-0.03063221,-0.4302027
16.458657265,-0.8997957,-0.02377461,-0.02885877,-0.4308101
16.478388786,-0.8995426,-0.02416453,-0.02587374,-0.4315057
16.498120785,-0.8991589,-0.02518639,-0.02245631,-0.4324375
16.520318508,-0.8988421,-0.02731969,-0.01800486,-0.4331743
16.540050507,-0.8986261,-0.02949278,-0.01308876,-0.4336562
16.559782028,-0.8983116,-0.03206779,-0.007314616,-0.4342604
16.579513550,-0.898078,-0.03530964,-0.000571145,-0.4345532
16.599245072,-0.8979549,-0.03917933,0.006804639,-0.4344227
16.618977070,-0.8979753,-0.04359907,0.01416751,-0.4337815
16.638708115,-0.8982885,-0.04797455,0.02123558,-0.4323803
16.658440113,-0.8988152,-0.05141392,0.02766367,-0.4305232
16.678171635,-0.8995022,-0.05472576,0.03203943,-0.4283715
16.700369835,-0.900489,-0.05869866,0.03465692,-0.4255591
16.720101357,-0.9015515,-0.06248737,0.03578797,-0.4226664
16.739833355,-0.902597,-0.06494734,0.03672276,-0.419976
16.759564400,-0.9034757,-0.06468207,0.03775013,-0.4180317
16.779296398,-0.9041627,-0.06312872,0.0377185,-0.4167849
16.799027920,-0.9046208,-0.06127029,0.03697908,-0.4161341
16.818759918,-0.9046904,-0.05948594,0.03571425,-0.4163521
16.838490963,-0.9047326,-0.05783178,0.03434793,-0.4166081
16.858222962,-0.9048601,-0.05622982,0.03318213,-0.4166448
16.880420685,-0.90503,-0.05456557,0.03152567,-0.4166257
16.900152683,-0.9050355,-0.05279635,0.02971643,-0.4169749
16.919884205,-0.9049621,-0.05095587,0.02750919,-0.4175141
16.939615727,-0.9049776,-0.04927769,0.02597448,-0.4177801
16.959347248,-0.9049019,-0.04820567,0.02514609,-0.4181199
16.979079247,-0.904793,-0.04771893,0.02481078,-0.4184311
16.998810768,-0.9045776,-0.0471271,0.02440078,-0.4189878
17.018542290,-0.904461,-0.04630978,0.02375185,-0.4193676
17.038273811,-0.9044908,-0.04497202,0.02366975,-0.4194537
17.060471535,-0.904572,-0.04360382,0.0232438,-0.4194469
17.080203533,-0.9045884,-0.0426556,0.0223277,-0.4195589
17.099935532,-0.9044693,-0.04237382,0.02111009,-0.4199072
17.119666576,-0.9043783,-0.04209205,0.02047526,-0.4201627
17.139398575,-0.9041789,-0.04144338,0.01997772,-0.42068
17.159130096,-0.9041647,-0.04052728,0.01951034,-0.4208217
17.178862095,-0.9041006,-0.0392133,0.01905821,-0.4211045
17.198593140,-0.9039473,-0.0380189,0.01803792,-0.4215876
17.218325138,-0.9037033,-0.03742504,0.01632997,-0.422233
17.238056660,-0.9037658,-0.03689801,0.01531394,-0.4221838
17.260254860,-0.9038377,-0.03584801,0.01545934,-0.4221148
17.279986382,-0.9038175,-0.03480841,0.01560751,-0.4222398
17.299718380,-0.9038446,-0.03375418,0.01559534,-0.4222677
17.319449425,-0.9038514,-0.03345393,0.01474161,-0.4223077
17.339181423,-0.9039255,-0.03364091,0.01338632,-0.4221793
17.358912945,-0.9040909,-0.03333759,0.01254606,-0.421875
17.378644466,-0.9041922,-0.03260185,0.01205535,-0.4217297
17.398375988,-0.9041225,-0.03155635,0.01151096,-0.4219738
17.418107987,-0.9041184,-0.03087661,0.01094992,-0.4220478
17.440305710,-0.9041317,-0.03096752,0.01005156,-0.4220352
17.460037708,-0.9042625,-0.03159639,0.009328937,-0.4217248
17.479768753,-0.9043406,-0.03231694,0.009062688,-0.4215083
17.499500275,-0.9043173,-0.03260635,0.008863756,-0.4215403
17.519232273,-0.9041951,-0.03252736,0.008597803,-0.4218138
17.538964272,-0.9041368,-0.03202216,0.008588444,-0.4219776
17.558695316,-0.904099,-0.03135071,0.008890701,-0.422103
17.578427315,-0.9039686,-0.03098907,0.008923944,-0.4224078
17.598158837,-0.9038119,-0.03064333,0.008765351,-0.4227718
17.620356560,-0.9037398,-0.03026856,0.008733757,-0.4229536
17.640088558,-0.9036931,-0.03002373,0.008798,-0.4230692
17.659819603,-0.9036523,-0.0297293,0.008896624,-0.4231751
17.679551602,-0.9035687,-0.02973905,0.008974772,-0.4233514
17.699283600,-0.9034472,-0.02992208,0.009043387,-0.4235965
17.719015122,-0.9032077,-0.02981012,0.009133637,-0.4241126
17.738746166,-0.9030331,-0.02967067,0.009155799,-0.4244937
17.758478165,-0.9029367,-0.02969648,0.009061939,-0.4246988
17.778210163,-0.9029174,-0.02984522,0.00883966,-0.424734
17.800407887,-0.9028969,-0.02961324,0.008611494,-0.4247985
17.820139885,-0.9029801,-0.02869476,0.008699835,-0.4246827
17.839870930,-0.903062,-0.02745416,0.00874625,-0.4245897
17.859602452,-0.9030103,-0.02650922,0.008723008,-0.4247603
17.879334450,-0.9027976,-0.02640082,0.008511792,-0.4252231
17.899066448,-0.9025549,-0.0266064,0.008074251,-0.4257339
17.918797493,-0.9023019,-0.0262641,0.007751205,-0.4262971
17.938529492,-0.9020697,-0.02556684,0.007652785,-0.4268321
17.958261013,-0.9020984,-0.02505974,0.007954598,-0.426796
17.980458736,-0.9020556,-0.02528777,0.007508575,-0.4268811
18.000190735,-0.9019771,-0.02530666,0.006769976,-0.4270582
18.019921780,-0.9019875,-0.02470021,0.006096415,-0.427082
18.039653778,-0.9020849,-0.02397827,0.005524387,-0.426925
18.059385300,-0.9022323,-0.02347245,0.005040521,-0.4266477
18.079116821,-0.9023126,-0.0234607,0.004297637,-0.4264864
18.098848343,-0.9022057,-0.0236694,0.003273689,-0.4267101
18.118580341,-0.9021016,-0.02348452,0.002689484,-0.4269446
18.138311386,-0.9019603,-0.0232171,0.002398176,-0.4272596
18.158043385,-0.9018985,-0.02335923,0.00215526,-0.4273831
18.180241585,-0.9017697,-0.02379428,0.001508194,-0.4276339
18.199973106,-0.9016178,-0.02383043,0.0009581187,-0.4279536
18.219704628,-0.9013705,-0.02322155,0.0004968059,-0.4285083
18.239436626,-0.9011981,-0.02241444,-7.401364E-05,-0.4289141
18.259167671,-0.900947,-0.02167697,-0.0006593673,-0.4294786
18.278899670,-0.9007865,-0.02135726,-0.001046089,-0.4298303
18.298631191,-0.9007837,-0.02074849,-0.000938772,-0.4298662
18.318362713,-0.9008629,-0.02022809,-0.001137641,-0.4297245
18.338094235,-0.9008887,-0.01995473,-0.001597918,-0.4296816
18.360291958,-0.9008201,-0.01962865,-0.001994428,-0.429839
18.380023956,-0.9007375,-0.0191879,-0.001749017,-0.430033
18.399755955,-0.9007521,-0.0191757,-0.0013761,-0.4300042
18.419487000,-0.9008498,-0.01957365,-0.001297293,-0.429782
18.439218998,-0.900946,-0.01990562,-0.001490066,-0.4295647
18.458950520,-0.900975,-0.01980413,-0.001511045,-0.4295081
18.478682518,-0.9008682,-0.01949011,-0.001472856,-0.4297467
18.498413563,-0.9007318,-0.01896111,-0.001305147,-0.4300565
18.518145561,-0.9006539,-0.01864238,-0.0008996021,-0.4302348
18.540343285,-0.9006165,-0.01858962,-0.0003937222,-0.4303161
18.560075283,-0.9006345,-0.0184901,-0.0001934926,-0.4302826
18.579806805,-0.9005762,-0.01839911,-0.0002739418,-0.4304084
18.599537850,-0.900467,-0.01842371,-0.0003133538,-0.4306359
18.619269848,-0.9004739,-0.0184506,-0.000119109,-0.4306206
18.639001846,-0.900552,-0.01827296,0.0002601472,-0.4304646
18.658732891,-0.9005366,-0.01825945,6.012913E-05,-0.4304976
18.678464890,-0.9005437,-0.0182649,-6.622654E-06,-0.4304824
18.698196411,-0.900628,-0.01833858,5.187304E-05,-0.4303029
18.720394135,-0.9007479,-0.01845207,-0.0001141391,-0.4300472
18.740126133,-0.9008135,-0.01787861,2.911585E-05,-0.4299337
18.759857178,-0.9007872,-0.01725599,9.104107E-05,-0.4300144
18.779589176,-0.900815,-0.0169261,0.0001038822,-0.4299693
18.799320698,-0.9008711,-0.01697751,-0.000102326,-0.4298495
18.819052696,-0.9008347,-0.01744574,-0.0004329226,-0.4299068
18.838783741,-0.9007336,-0.01756813,-0.0005867368,-0.4301134
18.858515740,-0.9007137,-0.01716364,-0.0004994922,-0.4301717
18.878247738,-0.9008276,-0.01684252,-0.0004156175,-0.4299459
18.900445461,-0.9010302,-0.01694545,-0.0005816273,-0.4295171
18.920176983,-0.9011356,-0.01721426,-0.00091571,-0.4292845
18.939908505,-0.9011669,-0.01726342,-0.0009078162,-0.4292166
18.959640026,-0.9012321,-0.01699123,-0.0005207924,-0.4290915
18.979372025,-0.9013186,-0.01674578,-0.0001933612,-0.4289196
18.999103069,-0.901428,-0.01670999,-0.00014095,-0.4286909
19.018835068,-0.9014841,-0.01673721,-0.0001921772,-0.428572
19.038566589,-0.9015231,-0.01669244,-0.0002055143,-0.4284916
19.058298111,-0.9016257,-0.01658227,-0.0002529144,-0.4282799
19.078029633,-0.9016746,-0.01633034,-9.466729E-05,-0.4281867
19.100227356,-0.9017019,-0.01595295,0.0005251361,-0.4281432
19.119959354,-0.9017377,-0.0159906,0.0007168677,-0.4280661
19.139691353,-0.9017467,-0.01598407,0.0008523244,-0.428047
19.159422398,-0.9017342,-0.01600572,0.0009913211,-0.4280725
19.179154873,-0.901743,-0.0158951,0.001126363,-0.4280578
19.198885918,-0.9017503,-0.01584075,0.0008635442,-0.4280449
19.218616962,-0.901732,-0.0158215,0.0004697453,-0.4280846
19.238348961,-0.9017318,-0.0157435,0.0005622963,-0.4280881
19.258080959,-0.9016218,-0.01579336,0.0008147557,-0.4283173
19.280278683,-0.9015678,-0.01573226,0.001097159,-0.4284328
19.300010681,-0.9015685,-0.01542223,0.001251227,-0.4284422
19.319742203,-0.9015105,-0.01519214,0.00109533,-0.4285727
19.339473248,-0.9014673,-0.0151845,0.0009711203,-0.4286644
19.359205246,-0.9014552,-0.01519798,0.001100003,-0.4286887
19.378937245,-0.9015098,-0.01529913,0.001125391,-0.4285704
19.398668289,-0.901544,-0.0152517,0.001018874,-0.4285005
19.418400288,-0.90157,-0.01508707,0.00101279,-0.4284516
19.438131809,-0.9016431,-0.01483587,0.001338078,-0.4283056
19.460329533,-0.9016874,-0.01489031,0.001286851,-0.4282103
19.480061531,-0.9017364,-0.01493373,0.00116266,-0.4281058
19.499792576,-0.9017653,-0.01515567,0.000950426,-0.4280379
19.519524574,-0.9018206,-0.01514893,0.0009593791,-0.4279217
19.539256096,-0.9018471,-0.01501005,0.0008458999,-0.4278711
19.558987618,-0.9019337,-0.01485004,0.000887947,-0.4276938
19.578719139,-0.9020165,-0.0150014,0.0007866633,-0.4275141
19.598451138,-0.9020919,-0.01511817,0.0007834831,-0.4273507
19.618182182,-0.9021928,-0.01510398,0.0008050238,-0.4271382
19.640380860,-0.9022829,-0.01520581,0.0007186565,-0.4269446
19.660111904,-0.9023417,-0.01536765,0.0006769427,-0.4268144
19.679843903,-0.9024555,-0.01532277,0.0009083033,-0.4265748
19.699575424,-0.9025288,-0.01528969,0.0008907549,-0.4264212
19.719306946,-0.9025628,-0.01525591,0.0007030832,-0.4263508
19.739038468,-0.9026055,-0.01547431,0.00041724,-0.4262527
19.758770466,-0.9026301,-0.01564171,0.0002264884,-0.4261948
19.778501511,-0.9025822,-0.01581667,-1.425568E-05,-0.4262898
19.798233509,-0.9026769,-0.01582485,-0.0002186306,-0.4260887
19.820431233,-0.9027672,-0.0157131,-0.0005160383,-0.4259014
19.840162754,-0.9028459,-0.01563365,-0.0008335679,-0.4257371
19.859894753,-0.9028661,-0.01527714,-0.0009453601,-0.4257066
19.879625797,-0.9028702,-0.01512827,-0.0009805033,-0.4257031
19.899357796,-0.9028722,-0.01506011,-0.0007687114,-0.4257017
19.919089794,-0.9028994,-0.01507245,-0.0006004894,-0.425644
19.938820839,-0.902925,-0.01531024,-0.0008581969,-0.425581
19.958552361,-0.9030019,-0.01546553,-0.0008676156,-0.4254118
19.978284359,-0.9030103,-0.01539599,-0.0007431323,-0.4253968
19.998015404,-0.9031,-0.01518383,-0.0005031623,-0.4252144
20.020214081,-0.9031866,-0.01508266,-0.0003281597,-0.4250342
20.039945126,-0.9032249,-0.01507033,-0.0003215144,-0.4249533
20.059677124,-0.9032027,-0.01497038,-0.0001903341,-0.425004
20.079408646,-0.9031669,-0.01473285,-1.22137E-05,-0.4250884
20.099140167,-0.9031952,-0.01436646,0.0002390394,-0.4250407
20.118871689,-0.9032357,-0.01426115,0.0001995752,-0.4249585
20.138603687,-0.9031922,-0.01435894,4.37296E-05,-0.4250477
20.158334732,-0.9030642,-0.01441655,-7.14573E-05,-0.4253176
20.178066731,-0.9029735,-0.01445295,2.409249E-05,-0.4255085
20.200264454,-0.9029264,-0.01439402,0.0001766546,-0.4256104
20.219996452,-0.9028308,-0.01426713,3.350655E-05,-0.4258176
20.239727974,-0.9028032,-0.01414887,-0.0002076298,-0.4258801
20.259459019,-0.9028133,-0.01389143,-0.0002169312,-0.4258671
20.279191017,-0.9027082,-0.01373174,-0.0004846568,-0.426095
20.298923016,-0.9026113,-0.01360634,-0.0006621926,-0.4263037
20.318654060,-0.9025624,-0.01344581,-0.0006880966,-0.4264123
20.338386059,-0.902589,-0.01338625,-0.0008581688,-0.4263578
20.358117580,-0.9026921,-0.01358578,-0.001165867,-0.4261323
20.380315304,-0.9027312,-0.01367599,-0.001486585,-0.4260457
20.400047302,-0.9026968,-0.01338287,-0.001681697,-0.4261272
20.419778347,-0.9025669,-0.01315414,-0.001952491,-0.4264081
20.439510346,-0.9025853,-0.01300557,-0.001919801,-0.4263739
20.459242344,-0.9026386,-0.0129696,-0.001841498,-0.4262623
20.478973389,-0.902673,-0.01299965,-0.001974366,-0.4261883
20.498704910,-0.9028131,-0.01309394,-0.002094013,-0.4258878
20.518436909,-0.9029255,-0.01328502,-0.002219345,-0.425643
20.538167954,-0.9030197,-0.01350986,-0.002287246,-0.4254354
20.560366631,-0.9030494,-0.01355349,-0.00236635,-0.4253706
20.580097675,-0.9030367,-0.01339646,-0.002257268,-0.4254034
20.599829674,-0.9030159,-0.01334919,-0.00214237,-0.4254495
20.619561196,-0.9030735,-0.0134709,-0.001936875,-0.4253245
20.639292717,-0.9031063,-0.01370553,-0.001802647,-0.4252479
20.659024239,-0.9031065,-0.01392398,-0.001832191,-0.4252403
20.678755284,-0.9029959,-0.01393881,-0.001889352,-0.4254739
20.698487282,-0.9029729,-0.01377533,-0.001441514,-0.4255299
20.718219280,-0.9029102,-0.01371772,-0.001163201,-0.4256656
20.740417004,-0.9026007,-0.0140504,-0.001873922,-0.4263084
20.760149002,-0.9024293,-0.01375732,-0.00206907,-0.4266796
20.779880047,-0.9023337,-0.01355809,-0.002090227,-0.4268882
20.799611569,-0.9024256,-0.01367299,-0.001970905,-0.4266908
20.819343567,-0.9026033,-0.01347296,-0.001809252,-0.4263216
20.839074612,-0.9027043,-0.01309359,-0.001791487,-0.4261197
20.858806610,-0.9027677,-0.01311227,-0.001686396,-0.425985
20.878538609,-0.9028512,-0.01323581,-0.00127139,-0.4258058
20.898269654,-0.9028869,-0.01300354,-0.0008194292,-0.4257382
20.918001175,-0.902861,-0.01290467,-0.0006773379,-0.4257965
20.940199375,-0.902987,-0.01324371,-0.0005179126,-0.4255191
20.959930897,-0.9031006,-0.01359469,-0.0005981158,-0.4252667
20.979662895,-0.9033352,-0.01377807,-0.0008182483,-0.424762
20.999393940,-0.9035074,-0.01367128,-0.0009241328,-0.4243989
21.019125938,-0.9037108,-0.01352322,-0.0008907396,-0.4239704
21.038857460,-0.9038108,-0.01359161,-0.0007195724,-0.4237551
21.058588982,-0.9038821,-0.01398527,-0.0008395662,-0.4235903
21.078320503,-0.9039287,-0.01395922,-0.0007988533,-0.4234915
21.098052502,-0.9039146,-0.01378935,-0.0008695974,-0.423527
21.120250225,-0.9039415,-0.01364417,-0.0006059872,-0.4234751
21.139982224,-0.9039716,-0.01333546,-0.0001049942,-0.423421
21.159713268,-0.9038966,-0.01336722,-3.099698E-05,-0.4235801
21.179444790,-0.9038539,-0.01363389,2.359973E-05,-0.4236627
21.199176788,-0.9038847,-0.01393638,0.0001479537,-0.4235867
21.218907833,-0.9038976,-0.0138788,0.0003314129,-0.4235613
21.238639832,-0.90384,-0.01369549,0.0003044013,-0.4236902
21.258370876,-0.9038378,-0.01375159,0.0005040346,-0.4236929
21.278102875,-0.9038849,-0.01413027,0.0006842854,-0.4235797
21.300300598,-0.9038791,-0.01465815,0.000589165,-0.4235742
21.320032597,-0.9038872,-0.01492059,0.0005808303,-0.4235479
21.339764118,-0.903892,-0.01529505,0.0004374422,-0.4235241
21.359495640,-0.9039277,-0.01562177,0.0004600445,-0.4234361
21.379227161,-0.9038752,-0.01591066,0.0002901688,-0.4235377
21.398959160,-0.9037887,-0.01606552,9.020762E-05,-0.4237163
21.418690205,-0.9038005,-0.01600933,0.0003154555,-0.423693
21.438422203,-0.9038624,-0.01587932,0.0005452739,-0.4235657
21.458153725,-0.9038916,-0.01564484,0.0002996869,-0.4235123
21.480351448,-0.9038705,-0.01572387,-0.000360841,-0.4235545
21.500083447,-0.90389,-0.01581337,0.0002864081,-0.4235097
21.519814491,-0.9039543,-0.01574233,0.001989273,-0.4233705
21.539546490,-0.9040003,-0.01606698,0.003251542,-0.4232523
21.559278488,-0.9037194,-0.01640514,0.003563988,-0.4238364
21.579009533,-0.9037509,-0.01672753,0.004426068,-0.4237485
21.598741055,-0.9037423,-0.017466,0.005306345,-0.4237266
21.618472576,-0.9036242,-0.01866654,0.005714871,-0.4239219
21.638204098,-0.9034032,-0.0201826,0.005102974,-0.4243312
21.660402298,-0.9030839,-0.02158469,0.004136411,-0.4249521
21.680133820,-0.9026808,-0.02206827,0.003795494,-0.4257858
21.699865818,-0.9018833,-0.02254375,0.002570024,-0.4274567
21.719596863,-0.9010231,-0.02378877,0.001287583,-0.4292057
21.739328861,-0.9003617,-0.02562226,-0.0004369291,-0.4304879
21.759060383,-0.900404,-0.0284546,-0.001633654,-0.4302184
21.778791905,-0.9005988,-0.0319099,-0.003281927,-0.4295586
21.798523426,-0.9010788,-0.03546993,-0.005380052,-0.4282496
21.818255425,-0.9011787,-0.03756701,-0.006438443,-0.4278457
21.837987900,-0.9001974,-0.03882121,-0.008565686,-0.4297579
21.860185147,-0.8989305,-0.03913227,-0.01085821,-0.4323221
21.879916191,-0.8978932,-0.037862,-0.01366514,-0.4345059
21.899647713,-0.8971766,-0.03459323,-0.01727207,-0.4361271
21.919379235,-0.8964796,-0.0309942,-0.02053158,-0.4376871
21.939110756,-0.8962138,-0.02820384,-0.02159432,-0.4383684
21.958842754,-0.8955371,-0.02557502,-0.02232892,-0.439873
21.978573799,-0.894197,-0.02194932,-0.02524169,-0.442629
21.998305798,-0.893024,-0.01768857,-0.0281748,-0.4450049
22.018037319,-0.8924958,-0.01408334,-0.02849676,-0.446171
22.040235519,-0.8920121,-0.01227099,-0.02809308,-0.4472161
22.059967041,-0.8920656,-0.01229624,-0.02698923,-0.4471768
22.079698563,-0.8922758,-0.01519301,-0.0264215,-0.4467017
22.099430084,-0.8919132,-0.02188581,-0.02712589,-0.447106
22.119161129,-0.8918908,-0.02492933,-0.02714995,-0.44699
22.138893127,-0.8926843,-0.02657794,-0.02554467,-0.4454024
22.158625126,-0.8935883,-0.02856999,-0.02494723,-0.4434963
22.178356171,-0.8942125,-0.02976589,-0.02551749,-0.4421249
22.198088169,-0.8947521,-0.03002683,-0.02582323,-0.4409966
22.220285893,-0.8949568,-0.02981411,-0.02577707,-0.4405981
22.240017414,-0.8954145,-0.02883659,-0.02475427,-0.4397912
22.259749413,-0.8960577,-0.02652543,-0.02338889,-0.4386999
22.279480457,-0.8964813,-0.0231848,-0.0226622,-0.4380615
22.299212456,-0.8967589,-0.02076846,-0.02286117,-0.4376039
22.318943977,-0.8970525,-0.01938641,-0.02279,-0.437069
22.338675499,-0.897185,-0.01730971,-0.02289852,-0.4368785
22.358407021,-0.8975464,-0.01169295,-0.01826322,-0.4365407
22.378138542,-0.8990991,-0.0006192921,-0.01133137,-0.4337278
22.400336742,-0.8998246,0.003228669,-0.004948973,-0.4323291
22.420067787,-0.899961,0.003588931,-0.004026848,-0.4320518
22.439799786,-0.9002166,0.003725084,-0.002746176,-0.4315279
22.459531784,-0.9009029,0.003668127,-0.002014482,-0.4300979
22.479262829,-0.9018955,0.003457324,-0.001733337,-0.4280157
22.498994827,-0.9025716,0.00334895,-0.001515085,-0.4265898
22.518726349,-0.9031452,0.003231728,-0.001436156,-0.4253751
22.538457394,-0.9039749,0.003214562,-0.001461129,-0.4236089
22.558189392,-0.9040425,0.003266836,-0.001304492,-0.423465
22.580387116,-0.9040481,0.002963241,-0.00118516,-0.4234554
22.600119114,-0.904126,0.002917943,-0.001174248,-0.4232895
22.619850159,-0.9042233,0.002890229,-0.001180155,-0.4230817
22.639582157,-0.9043231,0.002835035,-0.001192225,-0.4228686
22.659313679,-0.9044493,0.002782685,-0.001188356,-0.4225989
22.679045201,-0.9045907,0.002724163,-0.001203709,-0.4222969
22.698776722,-0.904726,0.002665575,-0.001204773,-0.4220071
22.718508721,-0.9048381,0.002620223,-0.00120353,-0.4217671
22.738239765,-0.9049416,0.002577923,-0.001212109,-0.4215448
22.757971764,-0.9050148,0.002536716,-0.00122071,-0.421388
22.780169487,-0.9050978,0.002474577,-0.001221775,-0.4212104
22.799901009,-0.9051682,0.002441967,-0.0012225,-0.421059
22.819632530,-0.9052447,0.002385381,-0.001237038,-0.4208948
22.839364052,-0.905319,0.002348654,-0.001248546,-0.4207352
22.859096050,-0.9054011,0.002286819,-0.001245089,-0.420559
22.878827095,-0.9054756,0.00224263,-0.001266114,-0.4203986
22.898559094,-0.9055402,0.002201838,-0.001273933,-0.4202598
22.918290138,-0.9056044,0.00214341,-0.001278256,-0.4201218
22.938022137,-0.9056565,0.002103749,-0.001287899,-0.4200097
22.960219860,-0.9056154,0.002060538,-0.001301616,-0.4200985
22.979951859,-0.9055852,0.001999718,-0.001304821,-0.4201636
22.999683380,-0.9056274,0.001944446,-0.001293669,-0.4200732
23.019414425,-0.9057094,0.001901139,-0.001287699,-0.4198965
23.039146423,-0.9057895,0.001851511,-0.001290477,-0.4197237
23.058878422,-0.9058911,0.00181451,-0.001284517,-0.4195048
23.078609467,-0.9059824,0.001786518,-0.001270999,-0.4193075
23.098341465,-0.9060029,0.001757503,-0.001276957,-0.4192631
23.118072510,-0.9059857,0.001704417,-0.001291838,-0.4193005
23.140270710,-0.9059702,0.001677052,-0.001307065,-0.4193342
23.160002232,-0.9060173,0.001642407,-0.001315362,-0.4192326
23.179733753,-0.9060767,0.001596565,-0.001337901,-0.4191043
23.199465752,-0.9061828,0.001546505,-0.001342949,-0.4188749
23.219196796,-0.9063132,0.001502825,-0.001363907,-0.4185929
23.238929272,-0.9064143,0.001468197,-0.00135035,-0.4183739
23.258659840,-0.9064226,0.001460319,-0.001343697,-0.4183563
23.278391838,-0.906435,0.001436683,-0.00132048,-0.4183292
23.298123360,-0.9064898,0.001404841,-0.001323549,-0.4182108
23.320321083,-0.9065635,0.001384311,-0.001314481,-0.4180511
23.340053082,-0.9066284,0.001367177,-0.001315828,-0.4179105
23.359784126,-0.9067095,0.001348161,-0.001289316,-0.4177347
23.379516125,-0.9068004,0.001318603,-0.001278409,-0.4175374
23.399247170,-0.9068643,0.001292446,-0.001294954,-0.4173987
23.418979168,-0.9069252,0.001271986,-0.001295528,-0.4172662
23.438710690,-0.90698,0.001251072,-0.001282668,-0.4171472
23.458442211,-0.9070218,0.001234541,-0.001293328,-0.4170564
23.478173733,-0.9070721,0.001176801,-0.001297653,-0.4169472
23.500371456,-0.9070565,0.001150911,-0.001283109,-0.4169813
23.520103455,-0.9070287,0.001109387,-0.001290991,-0.4170416
23.539834499,-0.907039,0.001071007,-0.001274468,-0.4170194
23.559566498,-0.9070917,0.001039496,-0.001249091,-0.4169048
23.579298496,-0.9071558,0.001002765,-0.001236811,-0.4167654
23.599030972,-0.9072222,0.0009563175,-0.001213406,-0.4166211
23.618761063,-0.9072882,0.0009094875,-0.001203552,-0.4164777
23.638493061,-0.9073915,0.000860716,-0.001196121,-0.4162527
23.658224106,-0.907541,0.0008076474,-0.001181314,-0.4159265
23.677956104,-0.9076895,0.0007772443,-0.001178798,-0.4156025
23.700153828,-0.9077906,0.0007559283,-0.001180022,-0.4153818
23.719885826,-0.907878,0.0007126275,-0.001179508,-0.4151908
23.739616871,-0.9079421,0.0006896327,-0.00116317,-0.4150507
23.759348870,-0.9079942,0.0006417565,-0.001147277,-0.4149368
23.779080391,-0.9080435,0.0006141387,-0.001128877,-0.4148291
23.798811436,-0.9081763,0.0005795056,-0.001111142,-0.4145381
23.818543434,-0.9083113,0.0005417543,-0.001105797,-0.4142421
23.838274479,-0.908406,0.0005107865,-0.001090626,-0.4140348
23.858006478,-0.9084532,0.0004860038,-0.001083241,-0.413931
23.880204201,-0.9085108,0.0004312856,-0.001071269,-0.4138048
23.899936199,-0.9085886,0.0003870459,-0.001053149,-0.413634
23.919667721,-0.908669,0.0003598089,-0.001024135,-0.4134575
23.939399243,-0.9086927,0.0003277432,-0.001019249,-0.4134055
23.959130764,-0.9086865,0.0003018736,-0.001015604,-0.4134191
23.978862286,-0.908685,0.0002687983,-0.0009978239,-0.4134226
23.998593807,-0.9087361,0.0002373401,-0.000988521,-0.4133103
24.018325806,-0.9087774,0.0002045799,-0.0009749033,-0.4132194
24.038056850,-0.9088585,0.0001824341,-0.0009754008,-0.4130408
24.060255528,-0.9089668,0.0001682456,-0.0009665812,-0.4128028
24.079986572,-0.9090387,0.0001546679,-0.000959504,-0.4126443
24.099718094,-0.9090582,0.0001357964,-0.0009526386,-0.4126015
24.119449616,-0.909066,0.0001093243,-0.0009604559,-0.4125844
24.139181137,-0.9090987,9.498504E-05,-0.0009502529,-0.4125122
24.158913136,-0.909133,9.390199E-05,-0.0009354593,-0.4124366
24.178644180,-0.9091792,8.64365E-05,-0.0009395423,-0.4123351
24.198376179,-0.9092478,6.40471E-05,-0.000921482,-0.4121839
24.218107224,-0.9093177,5.254987E-05,-0.0009003326,-0.4120293
24.240305901,-0.9093536,5.380865E-05,-0.000910687,-0.4119501
24.260036945,-0.9093818,2.830967E-05,-0.000922052,-0.411888
24.279768944,-0.9094075,1.14054E-05,-0.000919188,-0.4118313
24.299500465,-0.9094485,-1.826241E-05,-0.0009226332,-0.4117407
24.319231510,-0.9094765,-1.339047E-05,-0.0009047853,-0.4116786
24.338963509,-0.9095119,-1.679571E-05,-0.000898359,-0.4116007
24.358694553,-0.9095452,-2.843617E-05,-0.0008956034,-0.4115271
24.378426552,-0.909556,-3.829949E-05,-0.0009082326,-0.411503
24.398158550,-0.9095104,-4.228004E-05,-0.0009120115,-0.4116038
24.420356274,-0.909467,-5.646321E-05,-0.0009245892,-0.4116996
24.440087319,-0.909497,-5.624068E-05,-0.0009244477,-0.4116334
24.459819317,-0.9095313,-4.750084E-05,-0.0009072296,-0.4115578
24.479550839,-0.9095628,-4.964549E-05,-0.000906804,-0.4114881
24.499281883,-0.9096001,-7.15928E-05,-0.0009112631,-0.4114056
24.519013882,-0.909635,-8.258312E-05,-0.0009292198,-0.4113283
24.538744927,-0.909704,-0.00010158,-0.0009162865,-0.4111756
24.558476925,-0.9097683,-9.49216E-05,-0.0009135251,-0.4110334
24.578208923,-0.9098182,-0.0001062978,-0.0009201929,-0.4109229
24.600406647,-0.9098559,-0.0001252127,-0.0008979116,-0.4108397
24.620138168,-0.9098911,-0.000136623,-0.0008844195,-0.4107619
24.639869690,-0.9099228,-0.0001301716,-0.0008970231,-0.4106914
24.659601212,-0.9099614,-0.0001446471,-0.0009103545,-0.4106057
24.679332256,-0.9099811,-0.0001515099,-0.0009267346,-0.4105621
24.699064255,-0.9100003,-0.0001657028,-0.0009348349,-0.4105195
24.718796253,-0.9100124,-0.0001732848,-0.0009292167,-0.4104928
24.738527298,-0.9100456,-0.0001899537,-0.0009284589,-0.4104191
24.758259297,-0.9100919,-0.0002041537,-0.0009213958,-0.4103163
24.777990341,-0.910066,-0.0002345298,-0.0009110381,-0.410374
24.800188542,-0.9099942,-0.0002432842,-0.0009103037,-0.4105329
24.819920063,-0.9099467,-0.0002493383,-0.0009022694,-0.4106382
24.839651585,-0.9099795,-0.000248257,-0.0009084997,-0.4105657
24.859383106,-0.9100142,-0.0002609505,-0.0008885527,-0.4104888
24.879114628,-0.9100567,-0.0002786955,-0.0008982791,-0.4103945
24.898846626,-0.9100964,-0.000307163,-0.0009095055,-0.4103065
24.918577671,-0.9101416,-0.0003368161,-0.0009224539,-0.410206
24.938309670,-0.910201,-0.0003383351,-0.0009280926,-0.4100741
24.958040714,-0.9102589,-0.0003374864,-0.0009153271,-0.4099455
24.980238914,-0.9102649,-0.0003163045,-0.0009199127,-0.4099323
24.999970436,-0.9102612,-0.0003247295,-0.0009202179,-0.4099408
25.019701958,-0.9102978,-0.0003369251,-0.0009043355,-0.4098592
25.039433956,-0.910392,-0.0003532412,-0.0009163111,-0.4096501
25.059165001,-0.9104763,-0.0003529355,-0.0009180479,-0.4094628
25.078896999,-0.9104689,-0.0003670881,-0.0009219899,-0.4094791
25.098628044,-0.9104444,-0.000364846,-0.0009070598,-0.4095337
25.118360043,-0.9104297,-0.0003625306,-0.0008881294,-0.4095666
25.138091564,-0.9104419,-0.000392234,-0.0008956543,-0.4095391
25.160289764,-0.9104469,-0.0003937862,-0.0008875405,-0.409528
25.180020809,-0.9105076,-0.0004211073,-0.000892161,-0.4093932
25.199752331,-0.9105566,-0.0004203107,-0.0008930594,-0.4092843
25.219484329,-0.9106206,-0.0004223908,-0.0008825428,-0.4091416
25.239215374,-0.9107032,-0.0004398929,-0.0008938144,-0.4089577
25.258947372,-0.9107835,-0.0004338642,-0.0008925878,-0.4087787
25.278678417,-0.9107251,-0.0004238542,-0.0008933308,-0.4089089
25.298410416,-0.9106669,-0.0004200074,-0.0008886678,-0.4090388
25.318141937,-0.9106507,-0.0004288394,-0.0008941306,-0.4090745
25.340340138,-0.9106532,-0.0004085729,-0.0008876843,-0.4090691
25.360071182,-0.9106632,-0.0004114888,-0.0008967649,-0.4090468
25.379802704,-0.9106922,-0.0004245369,-0.0008933364,-0.4089822
25.399534702,-0.9107164,-0.0004350694,-0.0008954787,-0.4089282
25.419265747,-0.910753,-0.000434882,-0.0009014882,-0.4088468
25.438997746,-0.9108087,-0.0004551687,-0.000915499,-0.4087226
25.458728790,-0.9108571,-0.0004749651,-0.0009213116,-0.4086149
25.478460789,-0.9108237,-0.000478878,-0.000924975,-0.4086889
25.498192310,-0.9107948,-0.0004821314,-0.0009324618,-0.4087534
25.520390511,-0.9107692,-0.0004757772,-0.0009357259,-0.4088105
25.540121555,-0.9107637,-0.0004718581,-0.0009387733,-0.4088229
25.559853077,-0.9107448,-0.0004637738,-0.0009427717,-0.4088649
25.579585076,-0.910734,-0.0004717424,-0.0009319509,-0.4088891
25.599316120,-0.9107333,-0.0004960235,-0.0009382511,-0.4088903
25.619048119,-0.9107319,-0.00051733,-0.0009206373,-0.4088937
25.638779164,-0.9107363,-0.0005278146,-0.0009107529,-0.4088837
25.658511162,-0.910741,-0.0005393758,-0.0009022075,-0.4088731
25.678242684,-0.9107408,-0.0005475268,-0.0008861386,-0.408874
25.697974205,-0.9107468,-0.0005546578,-0.0008841933,-0.4088607
25.720171929,-0.9107691,-0.0005482543,-0.0008771701,-0.4088109
25.739903927,-0.9107935,-0.0005662128,-0.0008770096,-0.4087565
25.759635449,-0.9108121,-0.0005693635,-0.0008756517,-0.4087148
25.779366493,-0.9108149,-0.0005604072,-0.0008710559,-0.408709
25.799098492,-0.9108208,-0.0005697194,-0.0008855718,-0.4086958
25.818829537,-0.9108586,-0.0005671776,-0.0008724478,-0.4086114
25.838561535,-0.9109151,-0.0005681978,-0.0008905963,-0.4084853
25.858292580,-0.9109467,-0.0005547184,-0.0008854539,-0.4084147
25.878024578,-0.9109462,-0.0005483303,-0.0008989081,-0.4084159
25.900222302,-0.9109496,-0.0005383866,-0.0008929357,-0.4084087
25.919954300,-0.910939,-0.0005422724,-0.0008816787,-0.4084319
25.939685822,-0.9109313,-0.0005325034,-0.0008755201,-0.408449
25.959416866,-0.910948,-0.0005256714,-0.0008757169,-0.408412
25.979148865,-0.9110067,-0.0005488907,-0.0008807803,-0.4082811
25.998879910,-0.9110513,-0.000538682,-0.0008723214,-0.4081817
26.018611908,-0.9111206,-0.0005480309,-0.0008665103,-0.408027
26.038342953,-0.9111869,-0.0005438084,-0.0008405963,-0.407879
26.058078766,-0.9112555,-0.0005547085,-0.0008353789,-0.4077257
26.080272675,-0.9113119,-0.0005690774,-0.0008254416,-0.4075997
26.100004673,-0.9113582,-0.0005650254,-0.0008343611,-0.4074961
26.119735718,-0.9113262,-0.0005829944,-0.0008328646,-0.4075673
26.139467239,-0.9112926,-0.000584203,-0.000858249,-0.4076425
26.159199238,-0.9113051,-0.000597787,-0.0008634629,-0.4076147
26.178930283,-0.9113583,-0.0005961681,-0.0008570184,-0.4074958
26.198662281,-0.9114029,-0.0005962062,-0.0008482956,-0.4073958
26.218393326,-0.9113522,-0.0005993104,-0.0008562367,-0.4075094
26.238128662,-0.9112959,-0.0006172057,-0.0008616601,-0.4076353
26.260323048,-0.9113052,-0.0006363505,-0.0008663491,-0.407614
26.280055046,-0.9113522,-0.0006382697,-0.0008595195,-0.4075091
26.299786091,-0.9113888,-0.0006328421,-0.0008549713,-0.4074273
26.319518089,-0.9113562,-0.0006433972,-0.0008411774,-0.4075004
26.339249611,-0.9113211,-0.0006389486,-0.0008570068,-0.4075789
26.358980656,-0.9113303,-0.0006283029,-0.0008482085,-0.4075582
26.378712654,-0.9113494,-0.0006346223,-0.0008416129,-0.4075153
26.398443699,-0.9113756,-0.0006534488,-0.0008428324,-0.4074569
26.418175697,-0.9113651,-0.0006609512,-0.0008417463,-0.4074803
26.440373421,-0.9113463,-0.0006431363,-0.0008297529,-0.4075224
26.460105419,-0.9113792,-0.000635948,-0.0008336177,-0.4074491
26.479836464,-0.9114323,-0.0006271381,-0.0008348997,-0.4073303
26.499568462,-0.9114757,-0.0006110552,-0.000823064,-0.4072331
26.519299507,-0.9115198,-0.0006055689,-0.0008260517,-0.4071343
26.539031029,-0.9115605,-0.0006098601,-0.0008279887,-0.4070429
26.558763027,-0.9115492,-0.0006112337,-0.0008201964,-0.4070686
26.578494072,-0.911522,-0.0006122029,-0.0008238516,-0.4071293
26.598226071,-0.9114979,-0.0006289232,-0.0008231911,-0.4071831
26.617957115,-0.911491,-0.0006321341,-0.0008157751,-0.4071988
26.640154839,-0.9114922,-0.0006480096,-0.0008049442,-0.407196
26.659886837,-0.9114798,-0.0006533818,-0.0007944127,-0.4072235
26.679618836,-0.9114704,-0.0006550665,-0.0007908285,-0.4072452
26.699349880,-0.9114624,-0.0006633159,-0.0007877356,-0.4072629
26.719081402,-0.9114486,-0.0006702257,-0.0007872121,-0.4072935
26.738812924,-0.9114272,-0.0006592677,-0.0007939853,-0.4073415
26.758544445,-0.9113652,-0.0006622715,-0.0007872274,-0.4074802
26.778275967,-0.9112962,-0.0006603884,-0.0007889857,-0.4076342
26.798007488,-0.9112505,-0.0006512793,-0.0007923819,-0.4077369
26.820205212,-0.9112516,-0.0006664827,-0.0007932752,-0.407734
26.839937210,-0.9112513,-0.0006575139,-0.00078697,-0.4077349
26.859668255,-0.9113007,-0.0006648058,-0.0007951228,-0.4076245
26.879400254,-0.9113538,-0.0006714428,-0.0007976727,-0.4075056
26.899132252,-0.9113788,-0.0006899778,-0.0007876373,-0.4074498
26.918863297,-0.9113703,-0.0006875792,-0.0007911113,-0.4074688
26.938594818,-0.9113621,-0.0006627847,-0.0007877491,-0.4074874
26.958326340,-0.9113845,-0.000663051,-0.0007880509,-0.4074371
26.978057861,-0.9114087,-0.0006702999,-0.0007920233,-0.4073827
27.000255585,-0.9114224,-0.0006844832,-0.0007988533,-0.4073522
27.019987583,-0.9114137,-0.0006755709,-0.0007996944,-0.4073716
27.039718628,-0.9114141,-0.0006647505,-0.0008030402,-0.4073707
27.059450626,-0.9114076,-0.0006490166,-0.0007892897,-0.4073855
27.079181671,-0.9114052,-0.000658563,-0.0007837472,-0.4073909
27.098913670,-0.911431,-0.0006469691,-0.000771612,-0.4073332
27.118645191,-0.9114777,-0.0006509416,-0.0007902001,-0.4072284
27.138376713,-0.9115171,-0.0006651839,-0.0008075594,-0.4071404
27.158108234,-0.9115045,-0.0006649539,-0.0008060705,-0.4071686
27.180305958,-0.9114942,-0.0006753291,-0.000814015,-0.4071917
27.200037479,-0.9114898,-0.0006985961,-0.0008082881,-0.4072011
27.219769001,-0.9114835,-0.0006961346,-0.0007975036,-0.4072154
27.239501000,-0.9114864,-0.0007044966,-0.0007867422,-0.407209
27.259232044,-0.9115071,-0.0007169613,-0.0007947571,-0.4071626
27.278964043,-0.9115263,-0.0007308713,-0.0007853683,-0.4071198
27.298695088,-0.911523,-0.0007264293,-0.0007919964,-0.4071269
27.318427086,-0.9115139,-0.0007487885,-0.0007831475,-0.4071474
27.338158131,-0.9114935,-0.0007492631,-0.0007933425,-0.407193
27.360356808,-0.9114487,-0.0007307981,-0.0007911048,-0.4072934
27.380087853,-0.9114112,-0.0007141191,-0.0007858064,-0.4073773
27.399819374,-0.9114264,-0.0007126263,-0.0007822408,-0.407343
27.419550896,-0.9114463,-0.0007165821,-0.0007908308,-0.4072987
27.439282417,-0.9114617,-0.0007003109,-0.0007901174,-0.4072645
27.459013462,-0.9114873,-0.000712848,-0.0007796062,-0.4072068
27.478745461,-0.911512,-0.0007162623,-0.0007822243,-0.4071516
